caregiver_id,name,gender,birth_date,experience_years,certifications,specialties,service_region,has_vehicle,hourly_rate
1,황성민,Male,1960-08-26,2,사회복지사 2급|물리치료사,암|호스피스,GYEONGGI_GOYANG,False,18300
2,신민수,Male,1957-10-03,13,요양보호사 2급|작업치료사|물리치료사|요양보호사 1급|간호조무사,호스피스|뇌졸중|암|파킨슨|관절염|척추염,SEOUL_YANGCHEON,True,27300
3,양수진,Female,1984-09-02,10,요양보호사 2급|간호사|작업치료사|간호조무사,뇌졸중|치매|암|파킨슨|골다공증,SEOUL_GANGSEO,False,24600
4,박순자,Female,1977-01-04,9,물리치료사|요양보호사 2급|간호조무사,치매|중풍|고혈압|식사보조|재활,GYEONGGI_GOYANG,False,22600
5,안현정,Female,1989-06-20,9,간호사|요양보호사 1급|물리치료사|간호조무사,재활|고혈압|뇌졸중|식사보조|와상환자,SEOUL_SEOCHO,True,21000
6,배도윤,Male,1961-04-12,4,요양보호사 1급|간호조무사|재활치료사,중풍|와상환자|식사보조|호스피스,GYEONGGI_HANAM,False,17100
7,조미영,Female,1979-12-13,7,간호조무사|간호사|요양보호사 2급,와상환자|호스피스|파킨슨|치매,SEOUL_GEUMCHEON,True,20300
8,오미선,Female,1965-11-29,9,사회복지사 2급|간호조무사|간호사,척추염|식사보조|당뇨|암|인지장애,GYEONGGI_HANAM,False,24000
9,권서연,Female,1988-04-28,10,간호사|물리치료사|요양보호사 2급,당뇨|인지장애|척추염|골다공증|식사보조|암,SEOUL_GANGNAM,False,22800
10,김영자,Female,1966-08-18,6,요양보호사 1급|재활치료사|작업치료사,당뇨|관절염|호스피스|와상환자|식사보조,SEOUL_MAPO,False,19000
11,서은주,Female,1960-05-29,15,요양보호사 1급|물리치료사|요양보호사 2급|사회복지사 2급|간호조무사,파킨슨|호스피스|인지장애|재활|뇌졸중|관절염,SEOUL_YANGCHEON,False,27000
12,박혜진,Female,1972-03-20,7,재활치료사|요양보호사 2급|물리치료사,와상환자|파킨슨|중풍|인지장애|뇌졸중,SEOUL_GANGSEO,True,22600
13,백수진,Female,1983-05-01,7,작업치료사|물리치료사,인지장애|중풍|호스피스|뇌졸중,SEOUL_SEONGDONG,True,20100
14,정지현,Female,1966-06-16,13,간호사|재활치료사|사회복지사 2급|물리치료사|요양보호사 1급,당뇨|식사보조|인지장애|파킨슨|와상환자|관절염,SEOUL_GANGSEO,True,25300
15,정하나,Female,1957-06-21,14,작업치료사|재활치료사|요양보호사 2급|간호조무사,척추염|인지장애|암|중풍|식사보조|관절염,SEOUL_JONGNO,False,25800
16,배도윤,Male,1964-02-05,11,요양보호사 1급|간호사|재활치료사|작업치료사,식사보조|호스피스|재활|암|골다공증,SEOUL_SONGPA,False,23200
17,황혜진,Female,1956-08-20,7,간호사|간호조무사,인지장애|와상환자|치매|뇌졸중|파킨슨,SEOUL_MAPO,True,20800
18,서시우,Male,1961-04-02,14,작업치료사|요양보호사 2급|사회복지사 2급|요양보호사 1급,파킨슨|중풍|뇌졸중|인지장애|치매|암,SEOUL_GEUMCHEON,False,28600
19,이명희,Female,1953-03-02,11,물리치료사|사회복지사 2급|요양보호사 1급|작업치료사,관절염|파킨슨|중풍|호스피스|재활|당뇨,GWANGJU_SEOGU,False,22500
20,권지현,Female,1981-12-24,3,사회복지사 2급,관절염|암|인지장애|고혈압,SEOUL_DOBONG,False,18000
21,권영자,Female,1989-05-02,14,사회복지사 2급|물리치료사|간호사|재활치료사,치매|골다공증|뇌졸중|와상환자|당뇨|파킨슨,GYEONGGI_UIJEONGBU,True,26800
22,백정은,Female,1960-11-15,6,재활치료사|간호사|요양보호사 1급,당뇨|식사보조|인지장애|고혈압|재활,SEOUL_EUNPYEONG,True,19600
23,정미선,Female,1952-04-08,7,사회복지사 2급|요양보호사 1급,중풍|치매|파킨슨|당뇨,SEOUL_GWANAK,True,20800
24,황정희,Female,1964-07-07,10,간호조무사|사회복지사 2급|물리치료사|재활치료사,식사보조|호스피스|와상환자|골다공증|척추염|암,SEOUL_GEUMCHEON,True,24000
25,남상철,Male,1970-10-21,7,재활치료사|간호조무사|물리치료사,암|인지장애|재활|식사보조|관절염,SEOUL_GWANGJIN,False,20700
26,문준혁,Male,1975-11-06,12,사회복지사 2급|요양보호사 2급|물리치료사|간호조무사|작업치료사,인지장애|재활|와상환자|척추염|중풍|식사보조,DAEGU_JUNG,True,23300
27,임은주,Female,1982-11-10,8,요양보호사 1급|물리치료사|요양보호사 2급,식사보조|파킨슨|척추염|골다공증|중풍,GYEONGGI_GIMPO,False,23000
28,손현우,Male,1955-04-28,9,간호사|재활치료사|요양보호사 2급,척추염|고혈압|호스피스|파킨슨|뇌졸중,SEOUL_JUNG,True,24500
29,한미숙,Female,1972-02-05,2,간호조무사|간호사,암|중풍|호스피스,SEOUL_GWANGJIN,False,15600
30,서경희,Female,1984-01-15,10,작업치료사|요양보호사 1급|사회복지사 2급|간호사,뇌졸중|파킨슨|당뇨|중풍|치매,SEOUL_GEUMCHEON,False,22600
31,정태영,Male,1971-08-07,12,물리치료사|요양보호사 2급|사회복지사 2급|재활치료사|간호조무사,식사보조|암|당뇨|재활|중풍|골다공증,SEOUL_DONGDAEMUN,True,27000
32,최민재,Male,1984-10-17,14,작업치료사|요양보호사 1급|물리치료사|간호사|재활치료사,재활|관절염|뇌졸중|호스피스|당뇨|척추염,SEOUL_SEONGDONG,True,26500
33,이미선,Female,1982-08-15,8,물리치료사|작업치료사|요양보호사 1급|사회복지사 2급,척추염|치매|와상환자|중풍|재활,GYEONGGI_YONGIN,False,20200
34,문지현,Female,1953-09-18,15,간호조무사|간호사|작업치료사|사회복지사 2급,골다공증|고혈압|파킨슨|척추염|와상환자|인지장애,SEOUL_EUNPYEONG,True,28300
35,오준호,Male,1986-05-22,5,재활치료사|작업치료사|간호사,관절염|고혈압|중풍|호스피스,SEOUL_JUNG,False,19400
36,조미영,Female,1962-09-26,13,요양보호사 2급|물리치료사|요양보호사 1급|사회복지사 2급,중풍|와상환자|치매|고혈압|파킨슨|골다공증,GYEONGGI_NAMYANGJU,True,26100
37,신승현,Male,1984-11-14,10,간호사|간호조무사|재활치료사,관절염|재활|와상환자|뇌졸중|식사보조,SEOUL_SONGPA,False,24300
38,유현수,Male,1968-10-16,9,간호사|요양보호사 2급|간호조무사|사회복지사 2급,호스피스|관절염|파킨슨|중풍|와상환자,SEOUL_GANGNAM,True,21900
39,이민수,Male,1971-02-14,8,작업치료사|요양보호사 1급|물리치료사|요양보호사 2급,암|고혈압|식사보조|재활,SEOUL_YEONGDEUNGPO,True,22400
40,임지영,Female,1959-03-09,7,재활치료사|요양보호사 2급,고혈압|중풍|관절염|당뇨,SEOUL_SONGPA,False,22300
41,송도윤,Male,1966-12-24,5,작업치료사|사회복지사 2급|요양보호사 1급,와상환자|뇌졸중|치매,SEOUL_SONGPA,False,18600
42,권재호,Male,1966-03-28,2,물리치료사|간호사,와상환자|식사보조|골다공증,SEOUL_SEOCHO,False,17100
43,허건우,Male,1989-04-09,5,요양보호사 2급|간호사,호스피스|치매|고혈압,SEOUL_DONGJAK,True,18100
44,안정은,Female,1984-07-24,13,요양보호사 1급|물리치료사|작업치료사|간호사|사회복지사 2급,치매|골다공증|관절염|호스피스|고혈압|척추염,GYEONGGI_ANYANG,False,24000
45,허정숙,Female,1963-12-19,12,물리치료사|간호사|사회복지사 2급|요양보호사 1급|간호조무사,파킨슨|재활|중풍|와상환자|호스피스|암,SEOUL_GANGDONG,True,25900
46,안영호,Male,1978-01-19,6,요양보호사 2급|사회복지사 2급,식사보조|호스피스|당뇨|재활|인지장애,SEOUL_GWANAK,True,22000
47,허현수,Male,1983-11-03,5,요양보호사 1급|요양보호사 2급|간호조무사,중풍|재활|뇌졸중,SEOUL_MAPO,False,20600
48,최미선,Female,1973-01-29,3,간호조무사|간호사,관절염|와상환자|당뇨,SEOUL_MAPO,True,16100
49,문상철,Male,1983-07-16,7,재활치료사|사회복지사 2급|요양보호사 2급,관절염|고혈압|척추염|뇌졸중|식사보조,SEOUL_GANGSEO,True,21500
50,배숙자,Female,1983-02-11,4,작업치료사|간호조무사|요양보호사 1급,치매|암|파킨슨,SEOUL_GANGBUK,True,18200
51,임용수,Male,1955-01-14,11,요양보호사 2급|간호조무사|물리치료사,재활|골다공증|호스피스|당뇨|고혈압,SEOUL_SEONGBUK,False,22400
52,신동현,Male,1951-10-28,5,간호조무사|요양보호사 2급|재활치료사,암|파킨슨|뇌졸중|인지장애,SEOUL_YEONGDEUNGPO,False,18200
53,한용수,Male,1989-11-13,9,재활치료사|요양보호사 1급|요양보호사 2급,치매|고혈압|당뇨|재활|척추염|호스피스,SEOUL_GWANAK,True,22500
54,문지현,Female,1983-09-30,11,사회복지사 2급|간호조무사|재활치료사|간호사,당뇨|인지장애|재활|중풍|호스피스|관절염,SEOUL_JUNG,True,23000
55,권시우,Male,1971-09-08,6,물리치료사|작업치료사,와상환자|고혈압|호스피스|척추염,SEOUL_JONGNO,False,18600
56,장경희,Female,1972-06-25,4,간호사|재활치료사,호스피스|고혈압|인지장애|치매,SEOUL_SEONGBUK,True,17100
57,안수진,Female,1957-02-16,2,작업치료사,당뇨|파킨슨|호스피스,SEOUL_YEONGDEUNGPO,False,15900
58,백상철,Male,1964-06-26,8,사회복지사 2급|물리치료사|요양보호사 2급,당뇨|관절염|고혈압|파킨슨,GYEONGGI_ANYANG,True,20800
59,백정숙,Female,1978-11-29,5,간호사|요양보호사 1급|작업치료사,중풍|암|호스피스,SEOUL_GANGDONG,True,20400
60,문현수,Male,1957-01-22,10,간호사|물리치료사|사회복지사 2급|재활치료사,당뇨|골다공증|파킨슨|재활|뇌졸중,SEOUL_GANGNAM,False,24800
61,신서연,Female,1957-02-09,2,간호조무사,와상환자|뇌졸중|관절염,SEOUL_GEUMCHEON,True,16700
62,문수진,Female,1989-10-08,14,작업치료사|요양보호사 1급|사회복지사 2급|요양보호사 2급,척추염|고혈압|관절염|호스피스|식사보조|파킨슨,SEOUL_DONGDAEMUN,False,26400
63,신순자,Female,1970-07-28,10,요양보호사 2급|물리치료사|요양보호사 1급|간호조무사,관절염|척추염|호스피스|치매|파킨슨|골다공증,INCHEON_BUPYEONG,True,22400
64,한소영,Female,1972-07-04,12,간호조무사|물리치료사|요양보호사 2급|작업치료사|간호사,재활|당뇨|관절염|암|골다공증|호스피스,SEOUL_JUNG,False,23800
65,정도윤,Male,1972-10-16,8,간호조무사|작업치료사|재활치료사,호스피스|척추염|식사보조|고혈압,SEOUL_GWANAK,False,21900
66,신성민,Male,1987-02-20,10,재활치료사|작업치료사|간호사,척추염|인지장애|호스피스|관절염|고혈압|중풍,SEOUL_DOBONG,False,25500
67,김용수,Male,1972-09-02,7,재활치료사|요양보호사 1급,골다공증|척추염|뇌졸중|파킨슨,GYEONGGI_BUCHEON,True,21000
68,양경희,Female,1965-09-28,6,작업치료사|재활치료사,치매|고혈압|식사보조|암,SEOUL_GWANAK,False,21300
69,정수진,Female,1956-04-15,9,사회복지사 2급|물리치료사|작업치료사,치매|골다공증|와상환자|당뇨|인지장애|고혈압,DAEGU_DALSEO,True,23500
70,홍하나,Female,1968-07-15,3,간호조무사|작업치료사,인지장애|관절염|재활,SEOUL_GANGNAM,True,15900
71,홍정은,Female,1984-07-31,11,작업치료사|사회복지사 2급|간호조무사|요양보호사 2급,암|식사보조|인지장애|중풍|관절염,SEOUL_SONGPA,False,24800
72,안영희,Female,1957-03-30,14,간호사|간호조무사|작업치료사|요양보호사 1급,파킨슨|고혈압|인지장애|중풍|골다공증|재활,SEOUL_MAPO,False,25000
73,양준혁,Male,1979-11-20,14,요양보호사 2급|요양보호사 1급|간호조무사|재활치료사,골다공증|치매|호스피스|고혈압|관절염|암,SEOUL_JUNG,False,27300
74,박미선,Female,1972-07-15,4,요양보호사 2급|간호조무사|작업치료사,와상환자|척추염|중풍|치매,SEOUL_GEUMCHEON,True,17700
75,남철수,Male,1981-06-18,10,작업치료사|물리치료사|간호사|간호조무사,당뇨|뇌졸중|와상환자|암|인지장애,SEOUL_JUNG,False,24700
76,이수진,Female,1962-01-15,13,작업치료사|요양보호사 2급|간호조무사|요양보호사 1급,중풍|와상환자|관절염|치매|척추염|식사보조,SEOUL_SEODAEMUN,False,24900
77,임현우,Male,1985-04-07,12,요양보호사 2급|물리치료사|작업치료사|요양보호사 1급|재활치료사,호스피스|관절염|치매|고혈압|인지장애|파킨슨,SEOUL_GWANGJIN,False,26600
78,신철수,Male,1989-08-19,13,사회복지사 2급|재활치료사|간호조무사|물리치료사|간호사,와상환자|관절염|호스피스|중풍|뇌졸중|치매,INCHEON_BUPYEONG,True,27700
79,윤준혁,Male,1965-03-29,12,사회복지사 2급|물리치료사|요양보호사 2급|재활치료사,치매|뇌졸중|와상환자|암|인지장애|골다공증,GYEONGGI_HANAM,False,26900
80,장정호,Male,1986-10-18,13,간호사|작업치료사|요양보호사 2급|재활치료사,암|척추염|당뇨|고혈압|호스피스|식사보조,SEOUL_MAPO,True,25800
81,장순자,Female,1955-05-17,3,간호사|요양보호사 1급,호스피스|중풍|파킨슨|암,SEOUL_SEONGDONG,True,17800
82,허미숙,Female,1973-08-08,3,작업치료사,관절염|치매|식사보조|암,SEOUL_GANGNAM,True,17000
83,남건우,Male,1979-12-02,12,사회복지사 2급|간호사|재활치료사|간호조무사,재활|골다공증|암|인지장애|치매|와상환자,SEOUL_GWANGJIN,False,23900
84,장혜진,Female,1971-04-15,4,재활치료사|요양보호사 1급|사회복지사 2급,뇌졸중|당뇨|중풍|골다공증,SEOUL_DONGJAK,True,17800
85,신성민,Male,1955-12-01,4,간호사|물리치료사|사회복지사 2급,인지장애|암|고혈압,INCHEON_YEONSU,True,17300
86,김동현,Male,1975-01-26,3,작업치료사|사회복지사 2급,뇌졸중|치매|당뇨|재활,GYEONGGI_GWANGMYEONG,True,16800
87,백정우,Male,1967-08-15,9,사회복지사 2급|물리치료사|재활치료사,골다공증|척추염|뇌졸중|호스피스|중풍|재활,SEOUL_GURO,False,22000
88,황철수,Male,1983-06-23,9,물리치료사|요양보호사 2급|사회복지사 2급|요양보호사 1급,치매|중풍|재활|척추염|골다공증,SEOUL_YONGSAN,False,22900
89,임지훈,Male,1960-06-09,14,요양보호사 2급|간호사|물리치료사|간호조무사,당뇨|와상환자|식사보조|고혈압|재활|인지장애,SEOUL_EUNPYEONG,True,26100
90,양유진,Female,1985-04-08,13,사회복지사 2급|작업치료사|물리치료사|요양보호사 2급|재활치료사,와상환자|골다공증|암|뇌졸중|척추염|치매,SEOUL_GWANGJIN,False,27800
91,박현수,Male,1985-04-30,9,재활치료사|요양보호사 2급|간호조무사,중풍|당뇨|척추염|뇌졸중|식사보조,SEOUL_GWANGJIN,False,24300
92,권정숙,Female,1973-01-06,14,간호사|요양보호사 2급|사회복지사 2급|작업치료사|물리치료사,관절염|고혈압|인지장애|파킨슨|재활|중풍,SEOUL_SEONGBUK,True,25400
93,신미숙,Female,1955-12-20,13,요양보호사 2급|간호조무사|물리치료사|작업치료사,와상환자|치매|고혈압|식사보조|뇌졸중|재활,SEOUL_DONGJAK,True,27500
94,이현정,Female,1952-09-05,8,물리치료사|간호조무사|요양보호사 2급|요양보호사 1급,고혈압|재활|관절염|파킨슨,SEOUL_GANGSEO,True,20500
95,고지현,Female,1964-01-25,3,요양보호사 2급|간호조무사,파킨슨|골다공증|식사보조|암,INCHEON_YEONSU,False,16300
96,송미선,Female,1950-02-02,14,물리치료사|요양보호사 2급|간호조무사|재활치료사|요양보호사 1급,호스피스|와상환자|식사보조|인지장애|척추염|당뇨,GYEONGGI_BUCHEON,True,28000
97,남민정,Female,1971-12-25,8,사회복지사 2급|재활치료사|간호조무사|요양보호사 1급,골다공증|척추염|와상환자|치매|관절염,SEOUL_YEONGDEUNGPO,True,22200
98,손민수,Male,1963-02-18,14,요양보호사 1급|사회복지사 2급|재활치료사|간호사,척추염|식사보조|뇌졸중|재활|암|당뇨,SEOUL_YONGSAN,True,28400
99,배순자,Female,1971-07-27,3,간호사,뇌졸중|재활|척추염,SEOUL_GWANGJIN,True,18300
100,홍보람,Female,1965-04-27,7,재활치료사|물리치료사|간호사,치매|뇌졸중|암|고혈압|척추염,SEOUL_MAPO,False,21600
101,손혜진,Female,1953-10-02,12,요양보호사 1급|간호조무사|간호사|작업치료사|물리치료사,척추염|와상환자|식사보조|인지장애|중풍|뇌졸중,SEOUL_GWANGJIN,False,24300
102,강성민,Male,1959-11-19,11,요양보호사 1급|물리치료사|요양보호사 2급|재활치료사,와상환자|관절염|고혈압|뇌졸중|척추염|재활,SEOUL_EUNPYEONG,True,22400
103,황시우,Male,1981-12-16,7,작업치료사|간호사|사회복지사 2급,식사보조|인지장애|골다공증|치매|중풍,SEOUL_GWANGJIN,False,20600
104,유도윤,Male,1953-04-23,2,물리치료사,고혈압|치매,GYEONGGI_SEONGNAM,True,15800
105,남상철,Male,1964-09-21,14,간호조무사|작업치료사|요양보호사 2급|물리치료사|요양보호사 1급,암|재활|호스피스|골다공증|식사보조|와상환자,SEOUL_GANGBUK,False,26400
106,유숙자,Female,1986-02-19,5,물리치료사|작업치료사|요양보호사 1급,인지장애|당뇨|암|식사보조,SEOUL_DONGJAK,False,18800
107,류성민,Male,1985-11-13,9,요양보호사 1급|작업치료사|사회복지사 2급,암|고혈압|척추염|호스피스|치매|재활,SEOUL_GEUMCHEON,False,23600
108,백지훈,Male,1967-06-25,13,요양보호사 2급|사회복지사 2급|재활치료사|간호조무사|작업치료사,식사보조|인지장애|중풍|당뇨|호스피스|암,SEOUL_GANGDONG,False,25600
109,류기철,Male,1975-03-06,15,사회복지사 2급|물리치료사|요양보호사 1급|재활치료사|간호조무사,치매|척추염|뇌졸중|호스피스|중풍|당뇨,SEOUL_EUNPYEONG,True,27200
110,홍용수,Male,1961-04-12,11,재활치료사|간호조무사|요양보호사 2급,재활|호스피스|뇌졸중|파킨슨|인지장애,SEOUL_YONGSAN,False,22800
111,최상철,Male,1955-11-21,7,요양보호사 1급|작업치료사,중풍|와상환자|당뇨|암,SEOUL_YEONGDEUNGPO,False,19600
112,심지영,Female,1963-03-29,6,간호사|작업치료사|요양보호사 2급,골다공증|파킨슨|당뇨|중풍|뇌졸중,SEOUL_SONGPA,True,22200
113,이시우,Male,1980-04-10,6,작업치료사|재활치료사,고혈압|식사보조|암|관절염,SEOUL_SEONGDONG,True,20900
114,최보람,Female,1953-07-30,12,요양보호사 2급|물리치료사|간호조무사|사회복지사 2급|재활치료사,와상환자|식사보조|척추염|치매|암|고혈압,SEOUL_GANGSEO,False,25800
115,이지현,Female,1981-10-25,8,사회복지사 2급|간호사|간호조무사,당뇨|와상환자|고혈압|암,SEOUL_GWANGJIN,False,20600
116,손성호,Male,1985-12-05,4,재활치료사|요양보호사 2급,호스피스|관절염|인지장애,SEOUL_JUNG,False,19700
117,고미숙,Female,1975-02-09,11,작업치료사|간호사|재활치료사|간호조무사,와상환자|인지장애|척추염|치매|골다공증|뇌졸중,SEOUL_NOWON,False,25000
118,신건우,Male,1968-03-03,2,물리치료사|간호사,와상환자|척추염|파킨슨,SEOUL_YEONGDEUNGPO,True,18400
119,남용수,Male,1988-02-28,13,재활치료사|요양보호사 2급|물리치료사|사회복지사 2급|간호조무사,척추염|식사보조|와상환자|뇌졸중|파킨슨|골다공증,SEOUL_GANGNAM,False,24400
120,황민준,Male,1974-08-23,3,작업치료사,고혈압|식사보조|와상환자,SEOUL_GANGDONG,False,16900
121,장영호,Male,1956-11-19,7,재활치료사|간호사|요양보호사 2급,호스피스|파킨슨|당뇨|중풍,GYEONGGI_PYEONGTAEK,True,20500
122,안승현,Male,1950-02-06,14,요양보호사 2급|사회복지사 2급|간호사|요양보호사 1급,척추염|인지장애|호스피스|재활|와상환자|암,SEOUL_SEONGDONG,True,28300
123,양순자,Female,1970-05-08,14,재활치료사|요양보호사 1급|간호사|요양보호사 2급|작업치료사,당뇨|척추염|식사보조|암|관절염|호스피스,SEOUL_JUNG,True,26200
124,최기철,Male,1952-08-29,11,사회복지사 2급|재활치료사|요양보호사 2급|간호조무사,호스피스|고혈압|치매|식사보조|와상환자,GYEONGGI_PAJU,False,24700
125,남상철,Male,1962-05-25,11,간호조무사|작업치료사|요양보호사 2급,고혈압|식사보조|재활|호스피스|당뇨,DAEGU_DALSEO,False,24400
126,문현정,Female,1967-07-14,8,작업치료사|재활치료사|간호사|물리치료사,중풍|골다공증|재활|와상환자,SEOUL_YONGSAN,True,21100
127,배미숙,Female,1984-09-24,12,물리치료사|간호사|사회복지사 2급|요양보호사 1급|재활치료사,고혈압|뇌졸중|치매|식사보조|호스피스|중풍,SEOUL_GANGBUK,False,24200
128,송영호,Male,1971-09-25,13,간호사|요양보호사 2급|물리치료사|간호조무사,골다공증|고혈압|척추염|호스피스|식사보조|당뇨,INCHEON_NAMDONG,True,27900
129,이용수,Male,1962-12-07,11,물리치료사|사회복지사 2급|요양보호사 2급,뇌졸중|골다공증|와상환자|관절염|인지장애,GYEONGGI_HWASEONG,False,23800
130,백소영,Female,1950-10-06,8,작업치료사|물리치료사|요양보호사 1급,파킨슨|호스피스|재활|관절염|당뇨,SEOUL_SEONGBUK,False,20200
131,송건우,Male,1950-08-09,9,작업치료사|요양보호사 2급|간호사,당뇨|골다공증|암|중풍|재활|관절염,GYEONGGI_HANAM,True,22600
132,백준혁,Male,1955-03-26,15,작업치료사|사회복지사 2급|요양보호사 1급|간호사,관절염|와상환자|암|치매|골다공증|당뇨,SEOUL_NOWON,False,27600
133,문영자,Female,1976-05-06,15,사회복지사 2급|작업치료사|간호사|요양보호사 2급,척추염|인지장애|중풍|관절염|고혈압|골다공증,SEOUL_JUNG,True,28600
134,최지현,Female,1978-09-24,5,간호사|사회복지사 2급|재활치료사,고혈압|당뇨|치매|골다공증,SEOUL_DONGDAEMUN,True,20300
135,강지현,Female,1961-01-14,13,물리치료사|간호사|작업치료사|간호조무사,암|호스피스|파킨슨|고혈압|와상환자|치매,SEOUL_EUNPYEONG,True,25800
136,홍상철,Male,1974-06-03,5,요양보호사 1급|물리치료사|간호사,인지장애|치매|척추염,SEOUL_NOWON,True,19800
137,송민수,Male,1976-08-29,6,사회복지사 2급|요양보호사 1급|요양보호사 2급,척추염|호스피스|관절염|파킨슨,SEOUL_GANGNAM,False,20900
138,남정희,Female,1970-04-24,5,작업치료사|요양보호사 2급|재활치료사,인지장애|암|재활,SEOUL_JUNG,False,17800
139,황혜진,Female,1983-08-10,9,작업치료사|요양보호사 2급|간호사,암|척추염|당뇨|뇌졸중|식사보조|호스피스,SEOUL_SEODAEMUN,False,24300
140,허도윤,Male,1956-09-01,5,요양보호사 2급|작업치료사|요양보호사 1급,척추염|관절염|식사보조,GYEONGGI_HANAM,False,17600
141,백서연,Female,1950-09-05,14,물리치료사|요양보호사 2급|사회복지사 2급|재활치료사,고혈압|당뇨|관절염|치매|식사보조|중풍,SEOUL_JUNGNANG,True,28200
142,문정희,Female,1954-07-12,7,사회복지사 2급|간호사,중풍|인지장애|암|당뇨|골다공증,SEOUL_SEONGDONG,False,19300
143,심정호,Male,1980-05-02,9,간호조무사|사회복지사 2급|작업치료사|간호사,재활|식사보조|인지장애|관절염|암|고혈압,SEOUL_SEONGBUK,False,24700
144,홍현수,Male,1971-10-23,4,요양보호사 2급|물리치료사,중풍|뇌졸중|척추염|호스피스,SEOUL_GWANAK,True,18200
145,안영호,Male,1982-06-22,6,요양보호사 1급|요양보호사 2급|재활치료사,재활|골다공증|뇌졸중|호스피스,SEOUL_GWANAK,True,20900
146,신시우,Male,1963-06-17,4,요양보호사 2급|재활치료사|사회복지사 2급,척추염|파킨슨|뇌졸중|중풍,SEOUL_SEONGBUK,True,20100
147,유민정,Female,1989-11-02,5,요양보호사 2급|재활치료사|사회복지사 2급,뇌졸중|인지장애|치매|중풍,SEOUL_SEONGBUK,False,19600
148,오영호,Male,1973-11-07,14,요양보호사 2급|사회복지사 2급|작업치료사|재활치료사,골다공증|호스피스|식사보조|척추염|고혈압|관절염,SEOUL_SEODAEMUN,False,26400
149,손철수,Male,1962-08-01,12,간호조무사|재활치료사|사회복지사 2급|요양보호사 2급|요양보호사 1급,재활|관절염|고혈압|암|중풍|치매,SEOUL_SEOCHO,True,26000
150,장보람,Female,1964-04-13,13,간호조무사|사회복지사 2급|작업치료사|물리치료사,암|척추염|관절염|고혈압|재활|당뇨,SEOUL_GANGSEO,False,26400
151,유보람,Female,1980-03-07,6,물리치료사|간호조무사|재활치료사,호스피스|와상환자|고혈압|척추염|뇌졸중,SEOUL_YANGCHEON,True,21800
152,박동현,Male,1958-07-22,10,간호사|작업치료사|요양보호사 1급,척추염|뇌졸중|파킨슨|재활|고혈압,SEOUL_YONGSAN,True,21900
153,조영호,Male,1954-11-06,3,재활치료사,치매|중풍|식사보조|관절염,SEOUL_SONGPA,True,17100
154,양민수,Male,1966-03-25,6,간호사|간호조무사|작업치료사,고혈압|재활|중풍|관절염|치매,SEOUL_YANGCHEON,True,21300
155,최민정,Female,1982-07-17,10,물리치료사|요양보호사 2급|사회복지사 2급,관절염|인지장애|골다공증|암|당뇨,SEOUL_GEUMCHEON,False,25400
156,윤지훈,Male,1957-02-22,9,재활치료사|요양보호사 1급|간호조무사,고혈압|식사보조|호스피스|중풍|척추염,SEOUL_GWANGJIN,False,23600
157,강정우,Male,1974-12-09,5,요양보호사 2급|물리치료사|재활치료사,당뇨|골다공증|중풍|재활,DAEGU_DALSEO,True,18600
158,한태영,Male,1977-05-13,15,요양보호사 2급|작업치료사|간호사|사회복지사 2급,호스피스|척추염|관절염|치매|파킨슨|당뇨,SEOUL_JONGNO,False,28000
159,양영희,Female,1953-10-10,3,간호조무사|사회복지사 2급,와상환자|관절염|파킨슨,DAEGU_JUNG,True,17200
160,양현정,Female,1964-05-02,8,물리치료사|사회복지사 2급|재활치료사,당뇨|뇌졸중|파킨슨|고혈압|중풍,SEOUL_YANGCHEON,False,21600
161,황영자,Female,1980-04-03,6,사회복지사 2급|요양보호사 2급|작업치료사,파킨슨|호스피스|치매|뇌졸중,SEOUL_YANGCHEON,False,20000
162,송숙자,Female,1981-07-01,2,재활치료사,암|당뇨|척추염,SEOUL_SEONGDONG,False,17400
163,권건우,Male,1961-03-04,11,물리치료사|간호조무사|간호사,호스피스|와상환자|파킨슨|인지장애|고혈압|재활,SEOUL_SEODAEMUN,True,23500
164,권민준,Male,1973-09-08,11,작업치료사|간호조무사|재활치료사,와상환자|암|재활|식사보조|고혈압|척추염,SEOUL_DONGJAK,False,25900
165,서민정,Female,1954-09-24,11,간호조무사|사회복지사 2급|요양보호사 1급,인지장애|파킨슨|관절염|치매|와상환자,DAEJEON_YUSEONG,True,25500
166,심지훈,Male,1972-12-20,14,사회복지사 2급|요양보호사 2급|작업치료사|간호조무사|재활치료사,뇌졸중|관절염|골다공증|치매|와상환자|당뇨,SEOUL_JONGNO,False,28200
167,신숙자,Female,1955-02-16,8,물리치료사|간호조무사|사회복지사 2급|재활치료사,호스피스|인지장애|파킨슨|암,SEOUL_YEONGDEUNGPO,True,21400
168,오정희,Female,1986-12-28,6,재활치료사|간호조무사|요양보호사 1급,호스피스|암|재활|중풍|치매,SEOUL_SEONGDONG,False,20500
169,고기철,Male,1977-09-02,9,물리치료사|작업치료사|간호사|재활치료사,고혈압|중풍|인지장애|뇌졸중|와상환자|암,SEOUL_JUNG,False,21200
170,정영희,Female,1962-12-17,9,요양보호사 2급|간호조무사|간호사,와상환자|파킨슨|골다공증|치매|중풍,SEOUL_EUNPYEONG,False,21100
171,서정숙,Female,1975-07-16,2,요양보호사 2급|간호사,치매|암,GYEONGGI_NAMYANGJU,False,18300
172,안보람,Female,1979-07-12,3,요양보호사 1급,파킨슨|와상환자|호스피스,SEOUL_EUNPYEONG,True,16300
173,최지영,Female,1979-01-06,13,사회복지사 2급|간호조무사|요양보호사 1급|요양보호사 2급|작업치료사,식사보조|고혈압|당뇨|치매|뇌졸중|암,SEOUL_GANGDONG,True,26300
174,홍은주,Female,1951-02-18,2,요양보호사 2급|재활치료사,파킨슨|인지장애,SEOUL_GURO,True,17900
175,양상철,Male,1959-04-15,5,사회복지사 2급|간호조무사|물리치료사,호스피스|파킨슨|와상환자|중풍,SEOUL_GEUMCHEON,False,17600
176,정혜진,Female,1961-09-19,12,간호조무사|물리치료사|재활치료사|작업치료사,암|척추염|재활|관절염|뇌졸중|인지장애,GYEONGGI_NAMYANGJU,False,25300
177,임지훈,Male,1953-03-23,9,사회복지사 2급|간호조무사|작업치료사|요양보호사 1급,중풍|관절염|식사보조|파킨슨|척추염|뇌졸중,SEOUL_NOWON,False,23200
178,오경희,Female,1964-09-30,9,사회복지사 2급|요양보호사 1급|간호사|물리치료사,식사보조|파킨슨|관절염|재활|와상환자|암,SEOUL_NOWON,True,20900
179,허서연,Female,1978-03-13,5,작업치료사|물리치료사,척추염|당뇨|호스피스|와상환자,SEOUL_DOBONG,False,17700
180,류건우,Male,1952-10-18,3,사회복지사 2급,중풍|골다공증|관절염|식사보조,SEOUL_MAPO,True,16900
181,오용수,Male,1969-02-06,7,작업치료사|재활치료사|요양보호사 2급,골다공증|당뇨|척추염|관절염|호스피스,GYEONGGI_SUWON,False,22600
182,유은주,Female,1964-12-26,12,간호사|요양보호사 1급|작업치료사|재활치료사|간호조무사,관절염|뇌졸중|암|치매|호스피스|중풍,GYEONGGI_SEONGNAM,True,24000
183,류지영,Female,1970-06-13,4,작업치료사|물리치료사|요양보호사 2급,암|호스피스|골다공증,SEOUL_NOWON,True,17100
184,심성호,Male,1950-11-20,15,물리치료사|요양보호사 1급|작업치료사|재활치료사,인지장애|호스피스|치매|당뇨|와상환자|고혈압,SEOUL_JUNG,True,27200
185,권서연,Female,1958-05-15,15,작업치료사|물리치료사|간호사|요양보호사 2급,관절염|와상환자|중풍|뇌졸중|치매|고혈압,GYEONGGI_NAMYANGJU,True,29500
186,정태영,Male,1976-01-20,8,간호사|간호조무사|요양보호사 1급,관절염|고혈압|호스피스|와상환자|뇌졸중,SEOUL_SEONGDONG,True,23000
187,김현우,Male,1958-08-30,11,요양보호사 2급|작업치료사|사회복지사 2급,당뇨|골다공증|중풍|척추염|와상환자|재활,GYEONGGI_UIJEONGBU,True,25000
188,한현수,Male,1978-10-13,6,요양보호사 2급|작업치료사,중풍|재활|뇌졸중|암,GYEONGGI_UIJEONGBU,True,18400
189,강미영,Female,1959-04-12,9,재활치료사|물리치료사|작업치료사|요양보호사 2급,고혈압|재활|식사보조|관절염|치매,SEOUL_GWANGJIN,False,21700
190,서준혁,Male,1987-07-30,9,간호사|작업치료사|간호조무사,척추염|인지장애|치매|암|식사보조|고혈압,GYEONGGI_HANAM,True,21600
191,고현우,Male,1964-03-11,12,사회복지사 2급|물리치료사|간호조무사|작업치료사,고혈압|와상환자|뇌졸중|치매|당뇨|식사보조,SEOUL_GEUMCHEON,True,24600
192,권승현,Male,1950-02-26,12,간호조무사|요양보호사 1급|작업치료사|사회복지사 2급|요양보호사 2급,중풍|재활|뇌졸중|고혈압|암|척추염,GYEONGGI_PYEONGTAEK,True,24400
193,허영자,Female,1963-07-08,14,간호사|재활치료사|요양보호사 2급|물리치료사,당뇨|인지장애|관절염|호스피스|척추염|뇌졸중,SEOUL_DOBONG,True,26000
194,홍동현,Male,1973-04-12,2,간호조무사,치매|호스피스,SEOUL_EUNPYEONG,True,17600
195,이용수,Male,1966-12-14,5,작업치료사|요양보호사 2급|사회복지사 2급,파킨슨|뇌졸중|척추염|중풍,SEOUL_NOWON,True,18400
196,홍정은,Female,1978-06-30,11,재활치료사|요양보호사 2급|사회복지사 2급|작업치료사,재활|와상환자|고혈압|척추염|당뇨,SEOUL_JONGNO,True,23900
197,임현우,Male,1986-11-19,7,요양보호사 1급|물리치료사|사회복지사 2급,중풍|암|파킨슨|고혈압,SEOUL_GWANAK,False,22700
198,남소영,Female,1970-10-12,5,요양보호사 2급|작업치료사|물리치료사,뇌졸중|호스피스|재활,SEOUL_NOWON,True,21300
199,박민정,Female,1970-10-22,5,요양보호사 2급|요양보호사 1급,와상환자|파킨슨|식사보조,SEOUL_GWANGJIN,False,19000
200,손기철,Male,1975-09-05,10,간호조무사|간호사|요양보호사 2급,호스피스|와상환자|치매|고혈압|암,SEOUL_GURO,False,22800
201,신기철,Male,1970-08-28,6,재활치료사|물리치료사|요양보호사 1급,중풍|골다공증|재활|식사보조|파킨슨,SEOUL_SEOCHO,True,20200
202,유미영,Female,1965-04-19,7,요양보호사 1급|요양보호사 2급,치매|식사보조|당뇨|골다공증,SEOUL_SEONGBUK,False,19700
203,서민수,Male,1969-06-09,10,재활치료사|작업치료사|물리치료사,골다공증|치매|인지장애|암|당뇨|식사보조,SEOUL_SONGPA,False,25200
204,박태영,Male,1953-06-18,8,간호사|물리치료사|요양보호사 2급|작업치료사,인지장애|재활|와상환자|식사보조,SEOUL_JUNGNANG,False,22100
205,홍용수,Male,1980-10-21,10,물리치료사|요양보호사 2급|요양보호사 1급,치매|파킨슨|식사보조|인지장애|중풍,SEOUL_NOWON,False,24800
206,한영희,Female,1979-08-25,5,물리치료사|간호조무사,암|골다공증|관절염,SEOUL_DONGJAK,True,19800
207,허미선,Female,1972-05-28,11,요양보호사 1급|작업치료사|요양보호사 2급|사회복지사 2급,식사보조|파킨슨|관절염|당뇨|척추염,SEOUL_NOWON,True,25500
208,신민수,Male,1972-07-09,14,요양보호사 1급|간호조무사|사회복지사 2급|물리치료사|요양보호사 2급,뇌졸중|재활|인지장애|암|당뇨|치매,GYEONGGI_HWASEONG,False,25800
209,안준호,Male,1950-07-15,6,요양보호사 1급|간호사|요양보호사 2급,파킨슨|관절염|치매|골다공증,SEOUL_DOBONG,True,22000
210,홍민수,Male,1977-06-22,6,재활치료사|사회복지사 2급,치매|암|골다공증|식사보조,SEOUL_SEONGBUK,False,21800
211,최성민,Male,1972-06-08,14,작업치료사|간호사|사회복지사 2급|요양보호사 1급|간호조무사,뇌졸중|암|인지장애|치매|재활|관절염,SEOUL_SEODAEMUN,False,26800
212,강소영,Female,1962-04-05,10,요양보호사 1급|요양보호사 2급|재활치료사|사회복지사 2급,인지장애|고혈압|치매|골다공증|척추염,SEOUL_SONGPA,False,23100
213,오상철,Male,1959-05-05,9,재활치료사|간호조무사|작업치료사,파킨슨|중풍|척추염|뇌졸중|재활|암,SEOUL_GANGDONG,True,24400
214,송건우,Male,1953-07-18,9,간호조무사|재활치료사|간호사|물리치료사,관절염|인지장애|고혈압|와상환자|척추염,SEOUL_SEONGBUK,True,22000
215,문보람,Female,1969-04-06,10,요양보호사 2급|간호조무사|재활치료사|물리치료사,호스피스|고혈압|재활|당뇨|관절염|중풍,SEOUL_GANGBUK,True,22200
216,정도윤,Male,1988-05-13,7,간호사|간호조무사,식사보조|골다공증|치매|인지장애|중풍,GYEONGGI_UIJEONGBU,True,22400
217,김시우,Male,1978-10-04,7,작업치료사|간호조무사,골다공증|고혈압|와상환자|당뇨|인지장애,SEOUL_GWANAK,False,21500
218,서건우,Male,1979-07-18,4,요양보호사 2급|간호사|간호조무사,중풍|고혈압|와상환자,SEOUL_YONGSAN,False,19100
219,김영자,Female,1957-05-08,4,간호조무사|재활치료사|작업치료사,뇌졸중|치매|인지장애,GYEONGGI_ANYANG,False,19400
220,안숙자,Female,1953-09-23,8,작업치료사|요양보호사 2급|간호사|사회복지사 2급,재활|파킨슨|와상환자|중풍,SEOUL_DOBONG,False,22800
221,고정우,Male,1973-04-16,8,물리치료사|사회복지사 2급|재활치료사,관절염|재활|인지장애|중풍,SEOUL_DONGJAK,True,21800
222,손도윤,Male,1975-05-12,8,간호사|간호조무사|재활치료사|작업치료사,치매|와상환자|재활|척추염,SEOUL_SEOCHO,False,21100
223,장숙자,Female,1976-07-01,13,물리치료사|사회복지사 2급|요양보호사 1급|요양보호사 2급,척추염|호스피스|암|골다공증|뇌졸중|재활,GYEONGGI_GWANGMYEONG,True,25000
224,박준호,Male,1985-06-23,10,작업치료사|간호사|요양보호사 2급|간호조무사,파킨슨|뇌졸중|호스피스|관절염|치매,DAEGU_DALSEO,True,22900
225,손지현,Female,1973-05-09,11,물리치료사|간호사|요양보호사 1급,뇌졸중|파킨슨|고혈압|척추염|암,GYEONGGI_BUCHEON,True,24200
226,장은주,Female,1975-09-01,5,요양보호사 2급|물리치료사,척추염|고혈압|재활|식사보조,SEOUL_YANGCHEON,False,21000
227,김정숙,Female,1959-02-28,4,작업치료사|재활치료사,당뇨|관절염|치매,SEOUL_SEONGBUK,True,19500
228,최정숙,Female,1950-04-08,6,요양보호사 1급|물리치료사,재활|식사보조|인지장애|와상환자,SEOUL_GANGNAM,True,22200
229,이상철,Male,1953-10-01,7,물리치료사|간호사|사회복지사 2급,암|뇌졸중|호스피스|인지장애|골다공증,SEOUL_YANGCHEON,False,22300
230,권현수,Male,1957-03-10,5,요양보호사 2급|재활치료사|물리치료사,중풍|재활|식사보조|인지장애,SEOUL_YANGCHEON,False,21200
231,김민정,Female,1986-09-30,12,재활치료사|요양보호사 2급|작업치료사|요양보호사 1급,식사보조|고혈압|암|뇌졸중|당뇨|척추염,GYEONGGI_HWASEONG,False,25500
232,권현우,Male,1967-09-10,6,물리치료사|사회복지사 2급|요양보호사 1급,당뇨|관절염|골다공증|인지장애,SEOUL_JUNGNANG,True,21700
233,김정우,Male,1971-02-05,4,재활치료사|요양보호사 1급|작업치료사,와상환자|중풍|뇌졸중|치매,SEOUL_EUNPYEONG,True,17500
234,박영호,Male,1981-11-15,14,간호사|요양보호사 1급|요양보호사 2급|물리치료사,식사보조|척추염|관절염|뇌졸중|재활|중풍,SEOUL_JUNGNANG,True,28500
235,조용수,Male,1987-09-21,15,간호조무사|간호사|물리치료사|요양보호사 1급|작업치료사,파킨슨|재활|호스피스|척추염|중풍|인지장애,SEOUL_DONGDAEMUN,False,28800
236,권경희,Female,1976-05-02,3,간호사,와상환자|당뇨|관절염,GYEONGGI_GOYANG,True,16600
237,고동현,Male,1966-03-17,12,요양보호사 1급|요양보호사 2급|재활치료사|물리치료사,고혈압|와상환자|호스피스|파킨슨|뇌졸중|중풍,SEOUL_GANGNAM,False,23700
238,권건우,Male,1976-12-03,15,간호사|요양보호사 1급|물리치료사|요양보호사 2급|작업치료사,관절염|인지장애|재활|당뇨|골다공증|식사보조,SEOUL_GEUMCHEON,True,26400
239,남혜진,Female,1989-11-07,8,요양보호사 1급|작업치료사|간호조무사,중풍|고혈압|암|당뇨|재활,SEOUL_GWANAK,True,23200
240,배순자,Female,1953-07-13,8,요양보호사 2급|요양보호사 1급|재활치료사|사회복지사 2급,고혈압|중풍|와상환자|식사보조|당뇨,SEOUL_GANGNAM,False,20800
241,서현정,Female,1970-07-14,4,간호사|요양보호사 2급,골다공증|재활|파킨슨,SEOUL_GANGNAM,True,17400
242,백건우,Male,1951-10-29,13,요양보호사 2급|간호사|사회복지사 2급|작업치료사,뇌졸중|호스피스|당뇨|중풍|암|재활,SEOUL_GANGSEO,True,24500
243,정도윤,Male,1980-07-14,10,요양보호사 1급|작업치료사|사회복지사 2급|요양보호사 2급,당뇨|고혈압|재활|중풍|호스피스,INCHEON_YEONSU,True,25400
244,고민수,Male,1964-12-13,4,요양보호사 1급|작업치료사,중풍|뇌졸중|당뇨|암,SEOUL_NOWON,True,17700
245,신동현,Male,1954-11-26,9,재활치료사|작업치료사|간호사|요양보호사 1급,고혈압|와상환자|당뇨|관절염|치매,SEOUL_DOBONG,True,21900
246,박지현,Female,1983-06-09,11,요양보호사 2급|사회복지사 2급|간호조무사,재활|치매|당뇨|호스피스|뇌졸중|관절염,SEOUL_JUNG,True,25200
247,안준혁,Male,1957-10-07,13,작업치료사|간호조무사|간호사|물리치료사,암|치매|인지장애|당뇨|와상환자|파킨슨,SEOUL_JUNGNANG,True,25900
248,유성민,Male,1976-02-22,9,간호조무사|재활치료사|요양보호사 1급|작업치료사,암|인지장애|와상환자|뇌졸중|파킨슨,GWANGJU_SEOGU,True,21300
249,신유진,Female,1957-01-22,10,물리치료사|요양보호사 2급|요양보호사 1급,척추염|호스피스|중풍|관절염|식사보조,SEOUL_SEONGBUK,False,22900
250,임혜진,Female,1952-09-19,3,사회복지사 2급|재활치료사,암|호스피스|치매|뇌졸중,SEOUL_EUNPYEONG,True,17300
251,정혜진,Female,1970-07-08,3,간호조무사,인지장애|치매|당뇨,SEOUL_GANGNAM,False,18300
252,황영자,Female,1964-09-16,3,물리치료사,골다공증|치매|고혈압,SEOUL_GANGSEO,False,19700
253,김상철,Male,1960-09-28,14,재활치료사|간호조무사|작업치료사|요양보호사 1급,골다공증|치매|뇌졸중|식사보조|관절염|인지장애,SEOUL_JONGNO,True,26000
254,홍민정,Female,1950-01-17,9,재활치료사|작업치료사|간호사,관절염|고혈압|중풍|파킨슨|당뇨,SEOUL_GWANAK,True,23200
255,허유진,Female,1973-08-22,9,요양보호사 2급|재활치료사|작업치료사|사회복지사 2급,호스피스|파킨슨|암|뇌졸중|고혈압|식사보조,GYEONGGI_UIJEONGBU,True,21300
256,허현우,Male,1983-06-27,13,물리치료사|사회복지사 2급|요양보호사 2급|재활치료사|간호사,중풍|뇌졸중|고혈압|암|관절염|파킨슨,SEOUL_JUNG,False,24100
257,장태영,Male,1973-07-17,10,물리치료사|사회복지사 2급|요양보호사 2급,골다공증|와상환자|식사보조|중풍|치매|인지장애,SEOUL_GEUMCHEON,True,24600
258,강미영,Female,1956-05-17,9,요양보호사 1급|간호사|간호조무사|요양보호사 2급,뇌졸중|당뇨|파킨슨|와상환자|골다공증,GWANGJU_SEOGU,False,22200
259,유은주,Female,1976-06-03,6,간호조무사|간호사,재활|호스피스|뇌졸중|관절염,SEOUL_GANGNAM,False,19600
260,허정희,Female,1952-01-02,9,작업치료사|간호사|사회복지사 2급|재활치료사,골다공증|뇌졸중|인지장애|중풍|척추염|관절염,SEOUL_YEONGDEUNGPO,True,21600
261,정정희,Female,1971-03-18,10,물리치료사|요양보호사 1급|작업치료사,중풍|뇌졸중|와상환자|척추염|골다공증,SEOUL_JONGNO,True,22800
262,최순자,Female,1972-02-26,14,요양보호사 1급|요양보호사 2급|재활치료사|작업치료사|물리치료사,인지장애|암|치매|골다공증|척추염|호스피스,SEOUL_YONGSAN,True,27800
263,허유진,Female,1979-05-15,4,작업치료사|요양보호사 2급|물리치료사,관절염|재활|인지장애,SEOUL_SEONGBUK,True,17100
264,오지영,Female,1965-05-31,6,재활치료사|간호조무사,파킨슨|식사보조|인지장애|뇌졸중,SEOUL_YEONGDEUNGPO,False,21700
265,홍정우,Male,1953-02-04,13,재활치료사|간호사|간호조무사|작업치료사,인지장애|당뇨|파킨슨|골다공증|고혈압|암,SEOUL_MAPO,False,25800
266,손미숙,Female,1985-07-08,10,요양보호사 2급|사회복지사 2급|간호사|물리치료사,인지장애|뇌졸중|고혈압|호스피스|재활,SEOUL_GANGSEO,True,21900
267,장수진,Female,1952-10-07,11,작업치료사|사회복지사 2급|재활치료사|물리치료사,파킨슨|관절염|암|뇌졸중|골다공증|인지장애,SEOUL_SEONGBUK,False,22800
268,배민정,Female,1987-01-29,10,간호조무사|사회복지사 2급|물리치료사,뇌졸중|암|재활|호스피스|인지장애|식사보조,SEOUL_GURO,False,24200
269,양재호,Male,1964-10-09,12,요양보호사 2급|사회복지사 2급|간호사|간호조무사|작업치료사,파킨슨|치매|척추염|뇌졸중|관절염|암,SEOUL_GEUMCHEON,False,26700
270,임은주,Female,1966-06-05,9,간호조무사|물리치료사|요양보호사 1급|사회복지사 2급,파킨슨|재활|고혈압|척추염|식사보조|당뇨,SEOUL_YEONGDEUNGPO,True,23800
271,윤건우,Male,1970-06-01,12,작업치료사|사회복지사 2급|요양보호사 1급|간호사,당뇨|고혈압|골다공증|치매|식사보조|중풍,SEOUL_DONGDAEMUN,False,24100
272,류상철,Male,1984-10-03,15,요양보호사 1급|사회복지사 2급|작업치료사|간호사|물리치료사,치매|와상환자|파킨슨|재활|골다공증|당뇨,SEOUL_DONGDAEMUN,False,27000
273,유정숙,Female,1975-07-05,4,작업치료사|요양보호사 2급|물리치료사,당뇨|고혈압|중풍|파킨슨,SEOUL_SEOCHO,True,19300
274,임준혁,Male,1977-04-18,7,물리치료사|요양보호사 1급|재활치료사,고혈압|중풍|당뇨|인지장애|식사보조,SEOUL_JONGNO,False,22500
275,고승현,Male,1977-02-24,15,요양보호사 1급|작업치료사|간호사|물리치료사,재활|파킨슨|중풍|식사보조|척추염|암,SEOUL_JUNGNANG,False,29300
276,홍정호,Male,1986-07-23,14,간호사|사회복지사 2급|간호조무사|요양보호사 1급|요양보호사 2급,암|척추염|골다공증|식사보조|뇌졸중|호스피스,GYEONGGI_YONGIN,False,27500
277,송미숙,Female,1963-03-22,9,간호사|작업치료사|요양보호사 1급|요양보호사 2급,암|뇌졸중|치매|골다공증|와상환자,GYEONGGI_NAMYANGJU,True,23400
278,황정숙,Female,1955-03-12,8,사회복지사 2급|요양보호사 1급|물리치료사,관절염|식사보조|재활|골다공증,SEOUL_GURO,True,20900
279,신숙자,Female,1973-10-12,6,간호사|요양보호사 2급,인지장애|뇌졸중|중풍|암,GYEONGGI_SUWON,True,20100
280,손민재,Male,1984-09-02,5,작업치료사|간호사|간호조무사,식사보조|재활|치매,SEOUL_GWANGJIN,True,20900
281,조재호,Male,1958-06-15,12,사회복지사 2급|간호사|재활치료사|작업치료사,골다공증|고혈압|암|호스피스|인지장애|중풍,SEOUL_EUNPYEONG,False,24300
282,한기철,Male,1961-04-04,9,간호사|재활치료사|요양보호사 1급|요양보호사 2급,관절염|인지장애|당뇨|고혈압|재활|골다공증,SEOUL_GANGDONG,True,23700
283,안소영,Female,1985-06-19,8,요양보호사 1급|사회복지사 2급|요양보호사 2급,당뇨|재활|인지장애|호스피스|뇌졸중,SEOUL_EUNPYEONG,True,20900
284,송건우,Male,1959-04-12,10,간호사|간호조무사|요양보호사 2급,골다공증|고혈압|재활|중풍|치매|식사보조,SEOUL_GANGBUK,True,25300
285,윤소영,Female,1952-02-18,15,물리치료사|요양보호사 2급|요양보호사 1급|간호조무사|간호사,치매|와상환자|관절염|고혈압|파킨슨|식사보조,SEOUL_JUNG,True,26000
286,류민재,Male,1982-03-21,13,사회복지사 2급|재활치료사|요양보호사 2급|간호사|작업치료사,암|골다공증|중풍|재활|파킨슨|호스피스,DAEGU_JUNG,False,25400
287,오시우,Male,1959-04-30,13,간호사|작업치료사|물리치료사|간호조무사|요양보호사 1급,관절염|치매|척추염|당뇨|중풍|파킨슨,GYEONGGI_GIMPO,True,27600
288,안태영,Male,1982-11-04,3,간호조무사|물리치료사,재활|뇌졸중|암,SEOUL_EUNPYEONG,False,16600
289,황영자,Female,1955-01-30,6,물리치료사|간호조무사|재활치료사,관절염|당뇨|고혈압|뇌졸중|척추염,SEOUL_GANGDONG,False,21300
290,권현정,Female,1983-03-10,2,물리치료사|요양보호사 2급,고혈압|인지장애|파킨슨,SEOUL_GANGDONG,False,15300
291,신민수,Male,1951-02-27,3,사회복지사 2급|물리치료사,관절염|호스피스|재활,DAEGU_SUSEONG,True,16600
292,한영호,Male,1980-06-20,6,요양보호사 2급|사회복지사 2급,파킨슨|식사보조|암|재활|척추염,SEOUL_SEODAEMUN,False,18300
293,조미숙,Female,1982-02-13,10,간호사|요양보호사 1급|사회복지사 2급,뇌졸중|중풍|호스피스|고혈압|인지장애|치매,SEOUL_GANGBUK,False,25000
294,남지영,Female,1953-10-05,2,요양보호사 2급|간호사,관절염|중풍|파킨슨,SEOUL_JUNG,False,16900
295,고민정,Female,1969-12-03,12,요양보호사 2급|요양보호사 1급|물리치료사|간호조무사|사회복지사 2급,식사보조|골다공증|와상환자|뇌졸중|파킨슨|관절염,SEOUL_JONGNO,True,25700
296,안미선,Female,1964-10-01,4,물리치료사|재활치료사|요양보호사 1급,골다공증|치매|관절염,SEOUL_GURO,False,17100
297,양명희,Female,1977-01-26,15,요양보호사 1급|재활치료사|작업치료사|사회복지사 2급,호스피스|뇌졸중|고혈압|치매|인지장애|골다공증,SEOUL_GWANGJIN,False,29100
298,권현수,Male,1972-03-15,9,간호사|물리치료사|요양보호사 1급,고혈압|인지장애|치매|뇌졸중|식사보조,GYEONGGI_GIMPO,False,22700
299,박현우,Male,1965-08-01,15,사회복지사 2급|간호사|요양보호사 1급|요양보호사 2급,식사보조|뇌졸중|골다공증|중풍|고혈압|관절염,SEOUL_YEONGDEUNGPO,False,26300
300,허상철,Male,1956-08-13,7,재활치료사|사회복지사 2급|요양보호사 1급,재활|중풍|척추염|암|골다공증,SEOUL_GWANAK,True,22500
301,송정숙,Female,1968-11-03,15,요양보호사 1급|사회복지사 2급|간호사|작업치료사|물리치료사,와상환자|치매|관절염|척추염|고혈압|재활,SEOUL_JUNGNANG,False,26800
302,홍소영,Female,1973-08-31,3,사회복지사 2급|물리치료사,재활|식사보조|당뇨,SEOUL_YANGCHEON,False,19700
303,홍태영,Male,1950-12-10,9,간호조무사|물리치료사|요양보호사 2급|재활치료사,식사보조|파킨슨|뇌졸중|호스피스|중풍,SEOUL_SONGPA,True,21300
304,송정호,Male,1976-01-16,3,요양보호사 2급,고혈압|인지장애|재활|중풍,SEOUL_SONGPA,False,16400
305,홍시우,Male,1952-06-28,4,재활치료사|간호사,척추염|호스피스|인지장애|골다공증,GYEONGGI_NAMYANGJU,True,19900
306,최준호,Male,1975-04-13,5,간호조무사|작업치료사|재활치료사,호스피스|관절염|파킨슨|와상환자,SEOUL_NOWON,False,21100
307,백경희,Female,1966-08-11,11,요양보호사 2급|간호조무사|간호사,당뇨|식사보조|척추염|중풍|뇌졸중|관절염,SEOUL_GANGNAM,True,24000
308,남유진,Female,1960-06-24,10,작업치료사|사회복지사 2급|요양보호사 2급|간호사,고혈압|호스피스|치매|식사보조|와상환자,SEOUL_GURO,True,22100
309,양민준,Male,1973-12-26,9,간호사|사회복지사 2급|작업치료사,골다공증|관절염|재활|호스피스|식사보조,SEOUL_JUNGNANG,False,22500
310,안지훈,Male,1973-06-09,3,물리치료사,인지장애|관절염|척추염,SEOUL_GANGBUK,True,17200
311,이건우,Male,1983-08-22,4,요양보호사 2급|작업치료사|요양보호사 1급,암|식사보조|관절염|당뇨,SEOUL_GEUMCHEON,True,17200
312,한준혁,Male,1984-10-01,10,물리치료사|간호조무사|작업치료사|재활치료사,와상환자|고혈압|관절염|골다공증|중풍,DAEGU_JUNG,True,21900
313,황건우,Male,1959-11-27,8,사회복지사 2급|재활치료사|요양보호사 1급|간호조무사,재활|관절염|척추염|고혈압|암,SEOUL_EUNPYEONG,False,22300
314,류현우,Male,1989-08-04,15,재활치료사|사회복지사 2급|요양보호사 1급|요양보호사 2급,골다공증|인지장애|재활|고혈압|척추염|식사보조,SEOUL_JUNG,True,27000
315,손태영,Male,1959-03-26,7,간호조무사|간호사,치매|암|척추염|중풍|뇌졸중,SEOUL_JUNGNANG,True,22500
316,고혜진,Female,1955-04-10,6,재활치료사|간호조무사|사회복지사 2급,척추염|와상환자|재활|뇌졸중|골다공증,SEOUL_GANGDONG,False,20400
317,배미영,Female,1954-10-28,12,요양보호사 2급|간호사|재활치료사|요양보호사 1급|간호조무사,식사보조|관절염|인지장애|중풍|재활|척추염,SEOUL_GANGDONG,True,25500
318,안지훈,Male,1960-12-23,11,간호사|물리치료사|요양보호사 1급|사회복지사 2급,당뇨|고혈압|뇌졸중|척추염|치매,SEOUL_SEONGBUK,False,25800
319,이현우,Male,1986-05-08,7,간호사|작업치료사|요양보호사 2급,재활|당뇨|뇌졸중|치매,SEOUL_GANGDONG,False,22000
320,류경희,Female,1987-11-25,2,요양보호사 1급,중풍|호스피스,SEOUL_SEONGBUK,False,17500
321,류미선,Female,1954-06-23,11,물리치료사|재활치료사|간호사,중풍|호스피스|관절염|식사보조|뇌졸중,GYEONGGI_HWASEONG,False,23500
322,이태영,Male,1979-03-04,13,간호사|물리치료사|사회복지사 2급|요양보호사 1급,척추염|파킨슨|재활|암|식사보조|뇌졸중,SEOUL_SEONGBUK,False,23900
323,백지훈,Male,1973-06-18,14,물리치료사|요양보호사 1급|사회복지사 2급|간호사,와상환자|관절염|암|고혈압|중풍|재활,SEOUL_DOBONG,False,26800
324,양소영,Female,1976-04-30,12,요양보호사 1급|작업치료사|요양보호사 2급|재활치료사|사회복지사 2급,골다공증|치매|식사보조|뇌졸중|고혈압|관절염,SEOUL_GANGSEO,False,26800
325,김숙자,Female,1973-01-07,8,요양보호사 1급|재활치료사|사회복지사 2급,골다공증|중풍|파킨슨|치매|척추염,DAEJEON_YUSEONG,False,22900
326,안태영,Male,1979-10-03,12,재활치료사|작업치료사|간호사|물리치료사|요양보호사 2급,중풍|척추염|식사보조|고혈압|인지장애|암,SEOUL_SONGPA,True,25400
327,안정우,Male,1971-07-01,2,간호조무사,골다공증|재활|중풍,SEOUL_JONGNO,False,18700
328,황현정,Female,1985-08-29,4,작업치료사|사회복지사 2급,암|인지장애|식사보조|관절염,SEOUL_JUNGNANG,True,18600
329,고하나,Female,1965-04-18,11,요양보호사 2급|물리치료사|요양보호사 1급|재활치료사,인지장애|중풍|척추염|뇌졸중|당뇨|암,SEOUL_JUNG,True,22600
330,홍시우,Male,1984-05-25,11,사회복지사 2급|요양보호사 1급|재활치료사|요양보호사 2급,척추염|치매|당뇨|관절염|중풍|인지장애,GYEONGGI_BUCHEON,False,25500
331,백혜진,Female,1973-07-15,5,간호사|간호조무사,호스피스|뇌졸중|치매,SEOUL_GANGBUK,True,21300
332,권상철,Male,1969-05-11,11,간호사|요양보호사 1급|물리치료사|사회복지사 2급,척추염|재활|호스피스|식사보조|골다공증,SEOUL_GEUMCHEON,False,22300
333,안숙자,Female,1950-04-14,11,요양보호사 1급|물리치료사|작업치료사,재활|호스피스|중풍|골다공증|뇌졸중,SEOUL_MAPO,False,24900
334,오영희,Female,1964-12-28,11,작업치료사|간호조무사|물리치료사|재활치료사,뇌졸중|파킨슨|암|재활|당뇨,SEOUL_SEODAEMUN,True,23500
335,양현수,Male,1988-07-07,5,사회복지사 2급|간호사,당뇨|중풍|식사보조,GYEONGGI_NAMYANGJU,False,19400
336,윤수진,Female,1975-09-18,8,재활치료사|요양보호사 2급|요양보호사 1급,와상환자|중풍|파킨슨|재활,GYEONGGI_HWASEONG,False,20800
337,남숙자,Female,1972-02-07,9,사회복지사 2급|작업치료사|물리치료사|간호조무사,치매|중풍|척추염|암|뇌졸중,SEOUL_GANGBUK,True,21600
338,강준혁,Male,1966-08-15,4,요양보호사 2급|간호조무사|재활치료사,파킨슨|중풍|당뇨|호스피스,GYEONGGI_GOYANG,False,19400
339,조승현,Male,1953-11-08,5,작업치료사|간호조무사|물리치료사,식사보조|중풍|치매|재활,SEOUL_GWANAK,False,19900
340,안민준,Male,1963-10-22,6,재활치료사|간호사,뇌졸중|관절염|고혈압|식사보조,SEOUL_SEOCHO,False,21400
341,허민준,Male,1959-04-10,15,사회복지사 2급|요양보호사 2급|재활치료사|간호사,중풍|암|고혈압|호스피스|재활|뇌졸중,SEOUL_GEUMCHEON,False,29300
342,오태영,Male,1951-12-14,4,요양보호사 1급|사회복지사 2급,고혈압|파킨슨|척추염|골다공증,SEOUL_SEOCHO,False,18400
343,조은주,Female,1955-10-27,7,물리치료사|요양보호사 2급,인지장애|골다공증|당뇨|치매,SEOUL_SEONGBUK,True,21300
344,안영자,Female,1953-01-13,15,요양보호사 1급|간호사|간호조무사|작업치료사|물리치료사,고혈압|척추염|재활|식사보조|치매|파킨슨,SEOUL_JUNGNANG,False,28200
345,배소영,Female,1958-12-17,3,작업치료사|간호사,당뇨|척추염|중풍,SEOUL_JUNG,False,17700
346,한유진,Female,1969-03-19,13,재활치료사|간호사|작업치료사|간호조무사,중풍|고혈압|척추염|식사보조|호스피스|관절염,SEOUL_GANGDONG,True,25100
347,최은주,Female,1986-02-28,4,간호사|요양보호사 2급|사회복지사 2급,관절염|고혈압|중풍,SEOUL_DONGDAEMUN,False,18600
348,이민준,Male,1961-01-27,9,요양보호사 2급|사회복지사 2급|간호조무사,중풍|암|식사보조|관절염|인지장애,SEOUL_GANGBUK,True,22600
349,양보람,Female,1971-05-13,8,간호사|재활치료사|요양보호사 2급,척추염|중풍|암|고혈압,GYEONGGI_ANYANG,False,23200
350,황혜진,Female,1971-11-05,14,사회복지사 2급|요양보호사 1급|요양보호사 2급|재활치료사|간호사,재활|호스피스|중풍|관절염|당뇨|골다공증,SEOUL_GWANAK,False,28300
351,문재호,Male,1960-05-21,13,간호사|물리치료사|요양보호사 2급|사회복지사 2급|작업치료사,골다공증|재활|와상환자|고혈압|파킨슨|호스피스,GYEONGGI_GIMPO,True,27600
352,장성민,Male,1955-08-12,13,간호사|재활치료사|물리치료사|요양보호사 1급|간호조무사,호스피스|인지장애|관절염|당뇨|고혈압|파킨슨,SEOUL_GWANGJIN,True,24600
353,권준호,Male,1966-10-28,14,작업치료사|재활치료사|간호사|사회복지사 2급,파킨슨|인지장애|척추염|관절염|식사보조|중풍,INCHEON_BUPYEONG,False,27600
354,문지현,Female,1968-04-02,10,간호조무사|요양보호사 1급|작업치료사|간호사,뇌졸중|파킨슨|당뇨|골다공증|중풍|치매,SEOUL_EUNPYEONG,True,25200
355,문민수,Male,1978-01-15,15,사회복지사 2급|간호조무사|요양보호사 2급|작업치료사,치매|고혈압|골다공증|호스피스|당뇨|중풍,SEOUL_NOWON,True,28300
356,최민준,Male,1971-08-04,14,요양보호사 2급|간호사|간호조무사|작업치료사|재활치료사,골다공증|관절염|고혈압|호스피스|인지장애|중풍,SEOUL_MAPO,False,25600
357,장성호,Male,1988-08-09,13,작업치료사|요양보호사 1급|간호사|요양보호사 2급|사회복지사 2급,호스피스|재활|파킨슨|인지장애|관절염|척추염,SEOUL_JONGNO,False,24600
358,신정호,Male,1978-09-30,13,간호사|물리치료사|작업치료사|요양보호사 2급|요양보호사 1급,치매|재활|호스피스|인지장애|암|중풍,SEOUL_YANGCHEON,True,26900
359,백미선,Female,1953-01-25,10,요양보호사 1급|요양보호사 2급|작업치료사,와상환자|당뇨|뇌졸중|암|척추염|치매,BUSAN_HAEUNDAE,False,23600
360,유수진,Female,1957-06-16,14,사회복지사 2급|간호사|작업치료사|요양보호사 2급,관절염|당뇨|뇌졸중|파킨슨|식사보조|치매,SEOUL_EUNPYEONG,True,25000
361,강시우,Male,1986-06-04,10,사회복지사 2급|물리치료사|요양보호사 1급,와상환자|파킨슨|암|뇌졸중|중풍|식사보조,GWANGJU_SEOGU,True,23200
362,배준호,Male,1966-10-01,3,재활치료사,고혈압|관절염|재활|와상환자,INCHEON_BUPYEONG,False,17700
363,한준호,Male,1950-05-21,12,간호조무사|재활치료사|사회복지사 2급|작업치료사,파킨슨|암|고혈압|관절염|재활|골다공증,SEOUL_DONGDAEMUN,False,23400
364,최상철,Male,1953-08-20,12,간호사|사회복지사 2급|재활치료사|간호조무사|작업치료사,암|식사보조|재활|인지장애|고혈압|치매,SEOUL_GEUMCHEON,True,26900
365,문영희,Female,1966-04-12,10,간호사|사회복지사 2급|작업치료사,중풍|파킨슨|치매|당뇨|식사보조,SEOUL_GANGNAM,True,24400
366,신미숙,Female,1950-11-24,10,요양보호사 2급|작업치료사|간호사,고혈압|와상환자|재활|인지장애|관절염|중풍,SEOUL_SONGPA,False,25100
367,허수진,Female,1951-06-24,14,작업치료사|간호사|요양보호사 2급|간호조무사,골다공증|와상환자|고혈압|척추염|암|치매,GYEONGGI_UIJEONGBU,True,25400
368,강민정,Female,1984-07-22,4,간호사|요양보호사 2급|재활치료사,뇌졸중|와상환자|골다공증|중풍,SEOUL_DOBONG,True,18700
369,윤태영,Male,1964-06-01,8,요양보호사 2급|간호조무사|요양보호사 1급,인지장애|암|골다공증|당뇨|치매,SEOUL_GWANGJIN,False,22300
370,배동현,Male,1971-12-17,2,사회복지사 2급,고혈압|재활,SEOUL_SEONGBUK,False,17200
371,허영자,Female,1985-09-18,8,간호사|물리치료사|요양보호사 1급|간호조무사,호스피스|인지장애|치매|파킨슨|고혈압,GYEONGGI_UIJEONGBU,True,22900
372,홍수진,Female,1987-12-10,13,간호사|작업치료사|요양보호사 2급|요양보호사 1급|간호조무사,식사보조|당뇨|치매|와상환자|척추염|파킨슨,SEOUL_JUNG,False,24900
373,안유진,Female,1977-05-19,2,물리치료사|재활치료사,와상환자|뇌졸중,GYEONGGI_GOYANG,True,18700
374,장정호,Male,1983-03-06,12,사회복지사 2급|요양보호사 2급|작업치료사|요양보호사 1급,고혈압|와상환자|치매|뇌졸중|당뇨|골다공증,SEOUL_SEOCHO,False,26200
375,조정은,Female,1976-07-16,12,간호사|재활치료사|요양보호사 2급|작업치료사|간호조무사,암|인지장애|척추염|호스피스|당뇨|재활,SEOUL_GWANAK,True,26900
376,최상철,Male,1955-02-27,6,작업치료사|간호사|간호조무사,관절염|식사보조|재활|호스피스,GYEONGGI_GIMPO,True,19200
377,고정희,Female,1954-12-21,8,작업치료사|간호조무사|물리치료사,암|척추염|와상환자|재활,SEOUL_SEONGBUK,False,21900
378,서지훈,Male,1986-01-06,7,재활치료사|작업치료사,암|척추염|식사보조|뇌졸중|치매,SEOUL_SONGPA,False,21300
379,류준호,Male,1954-06-01,10,간호조무사|재활치료사|물리치료사,척추염|와상환자|암|파킨슨|식사보조,GYEONGGI_YONGIN,False,22200
380,황재호,Male,1987-02-06,7,간호사|사회복지사 2급,골다공증|치매|인지장애|당뇨,SEOUL_SEODAEMUN,True,23100
381,양시우,Male,1956-03-20,3,사회복지사 2급|요양보호사 1급,중풍|고혈압|파킨슨,SEOUL_GANGBUK,True,17100
382,손순자,Female,1977-11-10,13,요양보호사 2급|요양보호사 1급|간호사|사회복지사 2급,치매|재활|척추염|호스피스|파킨슨|암,SEOUL_JUNG,True,26700
383,배정희,Female,1987-05-03,14,요양보호사 1급|사회복지사 2급|물리치료사|작업치료사|간호사,관절염|척추염|재활|골다공증|식사보조|인지장애,SEOUL_GURO,True,27800
384,오승현,Male,1952-02-10,12,사회복지사 2급|작업치료사|요양보호사 2급|요양보호사 1급,척추염|호스피스|치매|인지장애|와상환자|관절염,GYEONGGI_UIJEONGBU,True,24300
385,임정희,Female,1956-05-17,4,사회복지사 2급|작업치료사|요양보호사 1급,중풍|치매|골다공증,SEOUL_SEONGBUK,True,17300
386,신소영,Female,1979-03-19,6,물리치료사|사회복지사 2급|작업치료사,고혈압|파킨슨|인지장애|암,SEOUL_GWANAK,True,21100
387,송순자,Female,1971-04-10,14,간호사|재활치료사|요양보호사 2급|간호조무사,고혈압|치매|재활|중풍|인지장애|암,SEOUL_GEUMCHEON,False,25200
388,남현우,Male,1966-09-01,15,물리치료사|요양보호사 1급|간호사|사회복지사 2급,고혈압|인지장애|호스피스|척추염|뇌졸중|관절염,SEOUL_NOWON,False,28500
389,남지영,Female,1950-04-13,14,요양보호사 1급|요양보호사 2급|간호조무사|사회복지사 2급,당뇨|호스피스|와상환자|식사보조|관절염|척추염,SEOUL_YANGCHEON,False,27100
390,임숙자,Female,1973-02-06,14,작업치료사|재활치료사|요양보호사 2급|물리치료사,와상환자|파킨슨|뇌졸중|척추염|당뇨|골다공증,GYEONGGI_HANAM,False,26800
391,임승현,Male,1954-04-23,5,사회복지사 2급|요양보호사 1급,재활|치매|인지장애,SEOUL_SEOCHO,False,20500
392,양미선,Female,1979-08-06,4,간호사|요양보호사 1급,골다공증|척추염|와상환자,DAEGU_JUNG,False,16700
393,서미숙,Female,1975-06-29,8,간호조무사|요양보호사 1급|재활치료사,관절염|당뇨|치매|고혈압,SEOUL_SEONGDONG,False,21900
394,서정희,Female,1953-12-23,4,재활치료사|간호조무사|간호사,치매|와상환자|식사보조,SEOUL_JUNG,False,19000
395,손미숙,Female,1984-03-01,2,물리치료사|간호조무사,치매|당뇨,GWANGJU_SEOGU,False,18700
396,장경희,Female,1960-10-16,2,재활치료사,뇌졸중|호스피스,SEOUL_SEOCHO,False,17800
397,정지영,Female,1951-04-24,4,간호사|요양보호사 1급|간호조무사,인지장애|중풍|암,SEOUL_SEONGBUK,False,16900
398,안영희,Female,1968-08-06,12,간호조무사|재활치료사|사회복지사 2급|물리치료사|작업치료사,인지장애|골다공증|호스피스|치매|뇌졸중|식사보조,SEOUL_SEONGDONG,True,24500
399,안미숙,Female,1984-11-22,11,재활치료사|간호조무사|간호사|사회복지사 2급,호스피스|고혈압|중풍|재활|뇌졸중,SEOUL_DONGJAK,True,25300
400,장정희,Female,1959-07-20,7,사회복지사 2급|간호사,중풍|인지장애|뇌졸중|고혈압,SEOUL_JUNGNANG,True,19300
401,신정호,Male,1987-04-06,13,간호사|사회복지사 2급|요양보호사 1급|물리치료사|재활치료사,암|인지장애|골다공증|당뇨|호스피스|와상환자,SEOUL_SONGPA,False,26800
402,임순자,Female,1968-06-12,9,물리치료사|사회복지사 2급|간호조무사,고혈압|뇌졸중|암|파킨슨|당뇨,SEOUL_GANGDONG,True,22100
403,손서연,Female,1976-01-20,9,작업치료사|요양보호사 2급|재활치료사|간호조무사,재활|고혈압|인지장애|호스피스|뇌졸중,SEOUL_JUNG,True,23300
404,손준호,Male,1954-04-04,3,작업치료사,와상환자|파킨슨|호스피스|중풍,SEOUL_SONGPA,True,18100
405,류영호,Male,1952-09-20,13,간호사|요양보호사 1급|사회복지사 2급|작업치료사,뇌졸중|재활|암|와상환자|골다공증|호스피스,SEOUL_SEOCHO,True,24100
406,김민정,Female,1958-11-25,5,간호조무사|요양보호사 1급,재활|중풍|골다공증,SEOUL_GWANAK,False,20400
407,백미영,Female,1988-12-24,8,물리치료사|요양보호사 1급|작업치료사,골다공증|암|뇌졸중|척추염,GYEONGGI_SEONGNAM,True,23500
408,오정호,Male,1987-12-23,11,물리치료사|작업치료사|요양보호사 2급,골다공증|재활|암|당뇨|치매|식사보조,GYEONGGI_GIMPO,False,25700
409,윤정우,Male,1979-06-19,11,사회복지사 2급|간호사|재활치료사|요양보호사 2급,암|중풍|재활|식사보조|고혈압|뇌졸중,SEOUL_SEOCHO,False,24100
410,정정숙,Female,1967-10-04,9,간호조무사|작업치료사|재활치료사|요양보호사 1급,뇌졸중|골다공증|고혈압|식사보조|재활|중풍,SEOUL_DONGJAK,False,21000
411,이영자,Female,1956-12-11,5,요양보호사 2급|사회복지사 2급,치매|인지장애|골다공증|식사보조,SEOUL_YANGCHEON,True,21300
412,윤미영,Female,1985-04-04,8,요양보호사 2급|재활치료사|간호사|사회복지사 2급,척추염|뇌졸중|암|당뇨|파킨슨,SEOUL_GWANAK,False,20500
413,윤민재,Male,1980-08-01,10,간호조무사|요양보호사 1급|요양보호사 2급|간호사,고혈압|골다공증|뇌졸중|당뇨|식사보조,GYEONGGI_GIMPO,False,22700
414,안은주,Female,1951-09-15,9,작업치료사|요양보호사 1급|간호조무사,골다공증|치매|재활|뇌졸중|와상환자,SEOUL_GWANGJIN,True,22500
415,한영자,Female,1974-06-21,2,요양보호사 1급,호스피스|식사보조,SEOUL_SEODAEMUN,False,15700
416,백건우,Male,1971-04-29,11,간호사|간호조무사|재활치료사,고혈압|파킨슨|와상환자|골다공증|재활|당뇨,GYEONGGI_SIHEUNG,True,22900
417,정성호,Male,1976-09-16,10,사회복지사 2급|간호조무사|요양보호사 1급,척추염|치매|당뇨|관절염|파킨슨,SEOUL_MAPO,True,25400
418,양용수,Male,1970-03-01,2,요양보호사 2급,고혈압|와상환자,SEOUL_JONGNO,False,15200
419,류용수,Male,1951-12-12,5,간호조무사|재활치료사,인지장애|중풍|골다공증,SEOUL_SONGPA,True,17600
420,배미숙,Female,1957-03-11,5,요양보호사 1급|간호조무사|재활치료사,치매|식사보조|골다공증,SEOUL_DOBONG,True,20000
421,홍미영,Female,1971-06-16,10,간호사|요양보호사 2급|간호조무사,관절염|고혈압|뇌졸중|와상환자|중풍,SEOUL_JUNGNANG,True,23100
422,유은주,Female,1964-06-11,15,요양보호사 1급|간호사|간호조무사|사회복지사 2급,암|인지장애|척추염|호스피스|당뇨|재활,SEOUL_GANGSEO,True,28700
423,류유진,Female,1962-03-06,2,사회복지사 2급,중풍|암,SEOUL_GANGDONG,True,15400
424,류상철,Male,1965-07-06,13,작업치료사|요양보호사 2급|재활치료사|요양보호사 1급|간호조무사,골다공증|와상환자|관절염|인지장애|호스피스|뇌졸중,SEOUL_MAPO,False,24000
425,배지훈,Male,1966-04-23,12,사회복지사 2급|요양보호사 2급|작업치료사|간호사,관절염|골다공증|와상환자|재활|식사보조|척추염,SEOUL_SEODAEMUN,False,26900
426,김준호,Male,1974-11-29,9,사회복지사 2급|물리치료사|간호사,뇌졸중|재활|식사보조|파킨슨|인지장애,GYEONGGI_GIMPO,False,24000
427,장기철,Male,1982-03-25,14,요양보호사 2급|간호조무사|물리치료사|간호사,인지장애|골다공증|뇌졸중|와상환자|파킨슨|암,SEOUL_DOBONG,True,26600
428,남민재,Male,1956-08-05,12,간호조무사|사회복지사 2급|재활치료사|물리치료사|작업치료사,인지장애|식사보조|고혈압|관절염|파킨슨|암,SEOUL_MAPO,True,26700
429,권하나,Female,1961-03-25,15,간호사|요양보호사 2급|물리치료사|사회복지사 2급|요양보호사 1급,고혈압|척추염|파킨슨|식사보조|인지장애|당뇨,SEOUL_GANGBUK,False,27400
430,송영자,Female,1972-10-12,15,요양보호사 2급|간호조무사|간호사|물리치료사|사회복지사 2급,와상환자|골다공증|파킨슨|인지장애|암|호스피스,SEOUL_MAPO,False,25700
431,배보람,Female,1953-04-19,2,재활치료사|요양보호사 2급,중풍|척추염,SEOUL_SONGPA,False,15200
432,신태영,Male,1959-04-12,13,간호사|물리치료사|요양보호사 2급|간호조무사|작업치료사,인지장애|고혈압|당뇨|암|뇌졸중|중풍,SEOUL_SEODAEMUN,False,25300
433,백민재,Male,1955-06-07,11,간호조무사|재활치료사|작업치료사,치매|뇌졸중|파킨슨|척추염|호스피스|당뇨,SEOUL_MAPO,False,22800
434,홍상철,Male,1984-09-22,2,사회복지사 2급,와상환자|관절염|호스피스,SEOUL_YEONGDEUNGPO,True,15800
435,강기철,Male,1984-09-22,11,재활치료사|사회복지사 2급|간호사|간호조무사,척추염|관절염|고혈압|골다공증|당뇨|인지장애,SEOUL_GANGSEO,False,26100
436,고철수,Male,1975-03-31,4,물리치료사|작업치료사|재활치료사,인지장애|호스피스|골다공증,SEOUL_SONGPA,False,17100
437,서순자,Female,1988-08-18,4,요양보호사 1급|작업치료사|간호조무사,중풍|골다공증|호스피스|파킨슨,SEOUL_JUNG,True,19000
438,김영자,Female,1951-05-04,5,물리치료사|간호사|사회복지사 2급,치매|고혈압|골다공증,SEOUL_SEONGBUK,False,17600
439,강미선,Female,1984-07-13,4,간호사|요양보호사 2급,와상환자|뇌졸중|고혈압|당뇨,SEOUL_JUNG,True,18800
440,박영희,Female,1984-01-02,2,물리치료사|간호사,당뇨|중풍,DAEGU_SUSEONG,False,15500
441,고정호,Male,1972-08-13,10,간호사|요양보호사 1급|작업치료사,파킨슨|식사보조|척추염|당뇨|뇌졸중,SEOUL_JONGNO,False,22500
442,정현우,Male,1978-02-11,6,요양보호사 1급|작업치료사,인지장애|파킨슨|재활|골다공증,SEOUL_SEONGDONG,False,18700
443,권재호,Male,1986-09-29,9,요양보호사 2급|사회복지사 2급|작업치료사|요양보호사 1급,식사보조|고혈압|척추염|당뇨|골다공증,SEOUL_GANGNAM,True,24400
444,배준호,Male,1956-12-07,14,간호조무사|물리치료사|작업치료사|재활치료사,중풍|재활|치매|관절염|호스피스|와상환자,ULSAN_JUNG,True,26800
445,조숙자,Female,1965-02-22,14,재활치료사|요양보호사 2급|요양보호사 1급|간호조무사|물리치료사,와상환자|호스피스|파킨슨|고혈압|관절염|골다공증,GYEONGGI_GOYANG,True,28500
446,장은주,Female,1967-09-03,5,사회복지사 2급|작업치료사,고혈압|파킨슨|골다공증|재활,GYEONGGI_ANYANG,True,20600
447,한미선,Female,1989-12-18,4,물리치료사|재활치료사|작업치료사,고혈압|치매|인지장애|뇌졸중,INCHEON_BUPYEONG,True,20000
448,안성민,Male,1978-11-19,10,사회복지사 2급|재활치료사|물리치료사|간호조무사,관절염|인지장애|고혈압|암|재활,SEOUL_SEODAEMUN,True,22400
449,류상철,Male,1956-08-24,8,재활치료사|요양보호사 1급|간호조무사|사회복지사 2급,인지장애|파킨슨|뇌졸중|재활,GYEONGGI_SIHEUNG,True,21200
450,백용수,Male,1956-07-08,15,간호사|요양보호사 1급|물리치료사|작업치료사,당뇨|식사보조|치매|인지장애|파킨슨|와상환자,SEOUL_SEODAEMUN,False,28900
451,유현수,Male,1951-07-21,12,재활치료사|사회복지사 2급|작업치료사|요양보호사 1급|간호조무사,치매|중풍|골다공증|호스피스|뇌졸중|인지장애,SEOUL_JUNGNANG,False,24400
452,백상철,Male,1980-10-03,5,요양보호사 1급|재활치료사|간호사,인지장애|암|당뇨|와상환자,SEOUL_YANGCHEON,False,20000
453,황숙자,Female,1984-06-27,2,요양보호사 2급|물리치료사,재활|파킨슨,GYEONGGI_PAJU,False,17800
454,서성민,Male,1962-06-09,9,요양보호사 2급|요양보호사 1급|사회복지사 2급,중풍|치매|식사보조|골다공증|파킨슨,SEOUL_DONGDAEMUN,False,24100
455,배상철,Male,1973-05-12,13,재활치료사|작업치료사|요양보호사 2급|물리치료사|요양보호사 1급,중풍|당뇨|고혈압|파킨슨|재활|관절염,SEOUL_YONGSAN,True,24700
456,안혜진,Female,1964-02-29,12,간호조무사|사회복지사 2급|요양보호사 1급|작업치료사,치매|파킨슨|뇌졸중|암|골다공증|척추염,SEOUL_GWANAK,False,25800
457,임성민,Male,1960-06-25,7,요양보호사 1급|사회복지사 2급|간호조무사,인지장애|치매|식사보조|고혈압|와상환자,SEOUL_SEODAEMUN,False,19900
458,최동현,Male,1970-12-19,15,사회복지사 2급|요양보호사 1급|요양보호사 2급|간호사,골다공증|치매|재활|암|중풍|인지장애,SEOUL_NOWON,True,27700
459,양서연,Female,1974-05-30,3,물리치료사|작업치료사,인지장애|뇌졸중|관절염,GYEONGGI_GWANGMYEONG,False,19600
460,오태영,Male,1982-01-15,15,간호조무사|요양보호사 1급|작업치료사|사회복지사 2급|물리치료사,치매|뇌졸중|암|인지장애|척추염|골다공증,GYEONGGI_PYEONGTAEK,True,27900
461,손민준,Male,1967-02-13,10,간호조무사|간호사|요양보호사 1급,암|호스피스|와상환자|당뇨|파킨슨,SEOUL_GANGSEO,False,23500
462,김경희,Female,1986-01-25,12,물리치료사|작업치료사|재활치료사|요양보호사 1급,고혈압|척추염|중풍|식사보조|뇌졸중|당뇨,SEOUL_DOBONG,False,25100
463,안소영,Female,1974-05-16,15,간호조무사|재활치료사|작업치료사|간호사|물리치료사,재활|고혈압|암|호스피스|중풍|치매,SEOUL_EUNPYEONG,False,27900
464,황명희,Female,1953-07-09,14,재활치료사|작업치료사|요양보호사 2급|사회복지사 2급,관절염|암|재활|골다공증|식사보조|뇌졸중,SEOUL_DONGJAK,True,25900
465,임준혁,Male,1956-08-03,6,간호사|간호조무사,치매|암|뇌졸중|당뇨,SEOUL_YANGCHEON,True,21900
466,문건우,Male,1977-10-02,2,사회복지사 2급|요양보호사 1급,골다공증|당뇨|중풍,SEOUL_JUNG,False,18400
467,임현우,Male,1977-10-03,2,물리치료사,고혈압|관절염,GWANGJU_SEOGU,True,15900
468,배미선,Female,1972-07-28,10,작업치료사|사회복지사 2급|간호조무사|간호사,고혈압|골다공증|파킨슨|치매|관절염|와상환자,GYEONGGI_HWASEONG,True,25400
469,이동현,Male,1980-11-09,11,요양보호사 1급|간호사|사회복지사 2급|요양보호사 2급,식사보조|치매|파킨슨|관절염|호스피스|척추염,GYEONGGI_SEONGNAM,True,22600
470,윤보람,Female,1964-09-10,4,사회복지사 2급|물리치료사,관절염|와상환자|파킨슨,GYEONGGI_YONGIN,True,17300
471,허민정,Female,1985-06-02,6,요양보호사 2급|물리치료사,중풍|골다공증|인지장애|파킨슨,GYEONGGI_ANYANG,False,18400
472,황현우,Male,1955-04-28,12,간호조무사|작업치료사|요양보호사 1급|요양보호사 2급|물리치료사,뇌졸중|관절염|와상환자|호스피스|척추염|중풍,SEOUL_YEONGDEUNGPO,False,25000
473,김유진,Female,1989-04-14,9,재활치료사|사회복지사 2급|간호사,치매|암|파킨슨|인지장애|재활,SEOUL_DONGJAK,False,22300
474,남소영,Female,1989-04-04,9,재활치료사|작업치료사|사회복지사 2급,치매|뇌졸중|당뇨|관절염|와상환자|중풍,GYEONGGI_PAJU,False,22100
475,황서연,Female,1984-09-06,8,재활치료사|작업치료사|요양보호사 2급|간호조무사,골다공증|고혈압|인지장애|식사보조|파킨슨,SEOUL_GANGDONG,True,21400
476,백정우,Male,1976-05-24,10,사회복지사 2급|요양보호사 1급|작업치료사,파킨슨|식사보조|골다공증|당뇨|중풍,GYEONGGI_GIMPO,True,24700
477,홍하나,Female,1979-09-03,2,요양보호사 2급|요양보호사 1급,파킨슨|호스피스,SEOUL_MAPO,True,16600
478,류철수,Male,1952-05-12,15,물리치료사|사회복지사 2급|간호사|간호조무사,중풍|와상환자|뇌졸중|고혈압|관절염|골다공증,SEOUL_YONGSAN,True,25900
479,오시우,Male,1981-02-14,11,간호조무사|작업치료사|간호사|물리치료사,중풍|척추염|골다공증|재활|파킨슨|관절염,SEOUL_SEOCHO,True,23700
480,유재호,Male,1953-07-17,15,요양보호사 2급|요양보호사 1급|사회복지사 2급|재활치료사|간호사,치매|중풍|암|호스피스|고혈압|당뇨,SEOUL_JUNGNANG,False,25800
481,김미영,Female,1962-11-16,5,요양보호사 1급|물리치료사|작업치료사,재활|파킨슨|암,BUSAN_SUYEONG,False,20200
482,정숙자,Female,1985-08-21,10,요양보호사 1급|간호조무사|재활치료사,재활|와상환자|골다공증|인지장애|관절염|파킨슨,SEOUL_SEOCHO,True,25400
483,백정희,Female,1957-05-29,3,물리치료사|간호사,치매|골다공증|척추염,SEOUL_YONGSAN,False,19100
484,오현정,Female,1975-10-12,8,간호사|작업치료사|사회복지사 2급,인지장애|파킨슨|골다공증|재활,SEOUL_GANGSEO,True,23600
485,강현우,Male,1979-11-26,5,사회복지사 2급|간호사,인지장애|치매|뇌졸중,SEOUL_GANGBUK,True,19300
486,양현우,Male,1959-03-04,9,요양보호사 2급|간호조무사|물리치료사,파킨슨|와상환자|척추염|당뇨|중풍,SEOUL_JUNGNANG,False,22500
487,안경희,Female,1953-01-19,2,재활치료사|간호조무사,중풍|뇌졸중,SEOUL_JUNGNANG,False,18500
488,유시우,Male,1966-02-08,10,요양보호사 2급|요양보호사 1급|사회복지사 2급|간호사,암|재활|고혈압|골다공증|인지장애|치매,GYEONGGI_HWASEONG,False,22600
489,김지훈,Male,1983-06-23,8,요양보호사 1급|물리치료사|간호조무사|재활치료사,골다공증|척추염|암|재활|중풍,SEOUL_JONGNO,False,23000
490,송현우,Male,1988-09-02,15,간호조무사|사회복지사 2급|간호사|요양보호사 2급|물리치료사,암|호스피스|식사보조|골다공증|인지장애|중풍,SEOUL_JONGNO,False,28700
491,김혜진,Female,1975-08-05,3,물리치료사|간호사,파킨슨|골다공증|치매,GYEONGGI_PYEONGTAEK,True,17700
492,유시우,Male,1958-12-15,11,요양보호사 2급|사회복지사 2급|재활치료사|간호조무사,암|척추염|파킨슨|뇌졸중|중풍|와상환자,GYEONGGI_SIHEUNG,True,22900
493,문민준,Male,1973-05-20,6,요양보호사 1급|물리치료사|작업치료사,치매|와상환자|암|호스피스,SEOUL_NOWON,True,18400
494,홍민준,Male,1980-01-11,11,작업치료사|물리치료사|간호조무사,인지장애|식사보조|고혈압|암|뇌졸중|치매,SEOUL_JUNG,False,23600
495,오정희,Female,1958-11-03,9,요양보호사 2급|물리치료사|재활치료사,관절염|와상환자|호스피스|척추염|골다공증|재활,SEOUL_GURO,False,23600
496,황민재,Male,1968-07-23,7,간호사|물리치료사,척추염|관절염|호스피스|치매,SEOUL_EUNPYEONG,False,21600
497,오건우,Male,1965-09-20,10,요양보호사 2급|작업치료사|재활치료사|사회복지사 2급,당뇨|인지장애|골다공증|관절염|와상환자|척추염,SEOUL_SONGPA,False,25200
498,신민정,Female,1956-05-11,3,물리치료사,당뇨|골다공증|인지장애|호스피스,SEOUL_EUNPYEONG,True,17600
499,강민수,Male,1981-06-23,4,간호조무사|간호사,척추염|고혈압|치매,GYEONGGI_YONGIN,True,19500
500,황현수,Male,1966-11-27,13,요양보호사 1급|재활치료사|작업치료사|간호조무사,골다공증|고혈압|식사보조|파킨슨|척추염|암,SEOUL_GANGBUK,True,27000
501,배성호,Male,1952-04-21,7,재활치료사|사회복지사 2급|간호조무사,뇌졸중|관절염|와상환자|재활|암,SEOUL_JUNG,True,23000
502,황기철,Male,1975-09-17,14,간호사|물리치료사|간호조무사|재활치료사,인지장애|당뇨|암|뇌졸중|골다공증|호스피스,SEOUL_SEOCHO,True,25800
503,조철수,Male,1974-07-25,4,간호조무사|요양보호사 1급,골다공증|관절염|척추염,SEOUL_YANGCHEON,False,20000
504,손보람,Female,1986-11-04,12,간호조무사|간호사|사회복지사 2급|재활치료사|요양보호사 1급,파킨슨|고혈압|골다공증|암|인지장애|뇌졸중,INCHEON_YEONSU,True,24200
505,허승현,Male,1987-06-22,7,작업치료사|요양보호사 1급,인지장애|와상환자|호스피스|관절염|당뇨,SEOUL_JUNG,True,19900
506,안정은,Female,1952-03-26,15,물리치료사|사회복지사 2급|요양보호사 2급|간호사,와상환자|파킨슨|암|뇌졸중|중풍|인지장애,DAEGU_DALSEO,True,29400
507,오태영,Male,1951-06-26,7,요양보호사 1급|사회복지사 2급,재활|고혈압|식사보조|골다공증|중풍,SEOUL_SONGPA,True,21700
508,강기철,Male,1951-08-07,11,물리치료사|요양보호사 1급|요양보호사 2급|간호사,고혈압|파킨슨|당뇨|중풍|식사보조|골다공증,GYEONGGI_YONGIN,False,22800
509,송은주,Female,1985-03-07,3,사회복지사 2급|요양보호사 1급,암|관절염|중풍|고혈압,SEOUL_GEUMCHEON,False,16100
510,배하나,Female,1980-12-15,10,작업치료사|재활치료사|요양보호사 1급,파킨슨|고혈압|중풍|재활|뇌졸중|관절염,SEOUL_JONGNO,True,22300
511,백재호,Male,1970-03-25,14,요양보호사 2급|작업치료사|요양보호사 1급|물리치료사|재활치료사,관절염|중풍|뇌졸중|골다공증|고혈압|척추염,SEOUL_GANGDONG,False,25900
512,양정호,Male,1954-12-07,4,재활치료사|요양보호사 1급|요양보호사 2급,암|치매|중풍|식사보조,SEOUL_YANGCHEON,True,19900
513,백상철,Male,1988-10-11,2,요양보호사 1급|재활치료사,인지장애|와상환자,SEOUL_YONGSAN,True,17500
514,임소영,Female,1961-09-22,4,물리치료사|사회복지사 2급|요양보호사 1급,고혈압|관절염|암,GYEONGGI_PYEONGTAEK,True,18700
515,고정숙,Female,1979-11-25,7,작업치료사|사회복지사 2급|물리치료사,식사보조|암|당뇨|뇌졸중,SEOUL_GANGSEO,True,22400
516,류서연,Female,1976-05-23,10,사회복지사 2급|요양보호사 1급|재활치료사|간호조무사,암|와상환자|당뇨|뇌졸중|치매|호스피스,DAEGU_SUSEONG,False,24300
517,안정은,Female,1987-10-03,15,사회복지사 2급|간호조무사|재활치료사|작업치료사|요양보호사 1급,고혈압|와상환자|인지장애|골다공증|뇌졸중|치매,SEOUL_MAPO,True,26200
518,한시우,Male,1989-03-24,11,간호조무사|작업치료사|물리치료사|사회복지사 2급,치매|암|인지장애|고혈압|척추염|식사보조,SEOUL_YEONGDEUNGPO,False,24400
519,신재호,Male,1979-03-02,11,재활치료사|사회복지사 2급|요양보호사 2급|간호조무사,뇌졸중|관절염|와상환자|파킨슨|치매,SEOUL_NOWON,True,23600
520,허미선,Female,1959-05-21,11,요양보호사 2급|간호조무사|작업치료사,당뇨|식사보조|치매|중풍|암,SEOUL_SEONGBUK,False,23500
521,배상철,Male,1967-05-18,7,간호조무사|재활치료사|물리치료사,뇌졸중|호스피스|관절염|재활,SEOUL_SONGPA,False,21700
522,황지훈,Male,1954-09-13,14,간호조무사|사회복지사 2급|요양보호사 1급|재활치료사,골다공증|치매|뇌졸중|관절염|파킨슨|고혈압,SEOUL_GURO,False,27400
523,강하나,Female,1955-11-22,3,작업치료사|간호조무사,관절염|인지장애|재활|중풍,SEOUL_GWANGJIN,False,19800
524,홍승현,Male,1988-04-24,8,작업치료사|요양보호사 2급|요양보호사 1급|간호조무사,호스피스|식사보조|당뇨|와상환자|고혈압,SEOUL_GANGBUK,True,20800
525,양현수,Male,1988-08-04,9,물리치료사|재활치료사|요양보호사 1급|간호사,치매|식사보조|암|척추염|파킨슨|고혈압,SEOUL_JONGNO,False,20900
526,권건우,Male,1972-01-21,15,요양보호사 2급|요양보호사 1급|간호조무사|간호사|재활치료사,척추염|골다공증|뇌졸중|인지장애|고혈압|와상환자,SEOUL_GWANGJIN,True,25700
527,허민정,Female,1951-11-22,9,작업치료사|물리치료사|요양보호사 1급,고혈압|척추염|식사보조|호스피스|치매|인지장애,SEOUL_MAPO,True,21500
528,권민수,Male,1981-05-12,12,요양보호사 1급|간호조무사|간호사|물리치료사,인지장애|당뇨|파킨슨|재활|골다공증|와상환자,SEOUL_SEODAEMUN,True,26900
529,박정우,Male,1970-01-05,2,요양보호사 1급,식사보조|당뇨,SEOUL_GURO,True,17000
530,박수진,Female,1968-09-23,15,작업치료사|사회복지사 2급|요양보호사 2급|재활치료사,골다공증|중풍|뇌졸중|암|와상환자|파킨슨,SEOUL_GANGDONG,False,26600
531,안승현,Male,1973-04-20,10,사회복지사 2급|작업치료사|재활치료사,식사보조|호스피스|골다공증|암|중풍|당뇨,SEOUL_SEONGDONG,False,24400
532,류영호,Male,1974-03-10,8,간호조무사|사회복지사 2급|요양보호사 2급,재활|당뇨|척추염|골다공증|고혈압,SEOUL_YEONGDEUNGPO,False,22600
533,홍혜진,Female,1966-02-23,10,요양보호사 2급|재활치료사|간호조무사|작업치료사,파킨슨|관절염|뇌졸중|치매|골다공증,SEOUL_MAPO,False,24800
534,홍현수,Male,1961-04-18,9,간호사|재활치료사|간호조무사|물리치료사,재활|치매|뇌졸중|관절염|호스피스|암,SEOUL_GEUMCHEON,True,24300
535,임민수,Male,1952-06-12,7,간호사|요양보호사 2급|사회복지사 2급,식사보조|뇌졸중|중풍|척추염,GYEONGGI_NAMYANGJU,True,20300
536,양정희,Female,1971-09-02,5,요양보호사 1급|사회복지사 2급|요양보호사 2급,인지장애|파킨슨|관절염|식사보조,SEOUL_SEONGBUK,False,19100
537,안철수,Male,1952-11-06,15,간호사|물리치료사|요양보호사 1급|간호조무사|사회복지사 2급,중풍|재활|뇌졸중|골다공증|당뇨|식사보조,SEOUL_GANGNAM,False,26900
538,임상철,Male,1985-11-04,8,물리치료사|사회복지사 2급|요양보호사 1급,고혈압|식사보조|뇌졸중|골다공증|호스피스,SEOUL_GANGDONG,False,21100
539,유지영,Female,1982-06-05,6,재활치료사|간호사,당뇨|식사보조|와상환자|인지장애,SEOUL_GURO,True,21000
540,백기철,Male,1962-04-03,8,간호사|재활치료사|요양보호사 1급|간호조무사,암|와상환자|식사보조|인지장애|재활,SEOUL_GURO,False,23200
541,권현우,Male,1958-02-26,10,작업치료사|재활치료사|물리치료사,중풍|관절염|재활|와상환자|파킨슨|고혈압,GYEONGGI_PAJU,True,21700
542,김혜진,Female,1966-07-31,10,물리치료사|사회복지사 2급|간호조무사|작업치료사,관절염|암|뇌졸중|척추염|당뇨,SEOUL_SEONGDONG,False,23200
543,홍정호,Male,1967-06-28,12,요양보호사 2급|물리치료사|요양보호사 1급|재활치료사,식사보조|파킨슨|고혈압|암|당뇨|척추염,SEOUL_GANGDONG,False,25900
544,신지영,Female,1974-04-02,4,간호사|물리치료사,당뇨|식사보조|와상환자,GYEONGGI_BUCHEON,True,17900
545,양재호,Male,1985-08-02,6,사회복지사 2급|작업치료사|요양보호사 1급,재활|파킨슨|중풍|고혈압|암,GYEONGGI_GWANGMYEONG,False,21400
546,윤철수,Male,1972-09-06,11,사회복지사 2급|요양보호사 1급|재활치료사|요양보호사 2급,암|파킨슨|재활|식사보조|당뇨|인지장애,SEOUL_YEONGDEUNGPO,False,23200
547,손수진,Female,1950-07-05,9,간호사|사회복지사 2급|물리치료사|요양보호사 1급,당뇨|골다공증|척추염|파킨슨|뇌졸중|와상환자,SEOUL_SEONGDONG,True,24200
548,정서연,Female,1967-08-11,10,요양보호사 2급|재활치료사|작업치료사|물리치료사,암|골다공증|호스피스|당뇨|파킨슨|식사보조,SEOUL_JUNG,True,21600
549,오성민,Male,1955-12-22,13,요양보호사 2급|요양보호사 1급|사회복지사 2급|재활치료사|물리치료사,재활|암|뇌졸중|호스피스|고혈압|관절염,SEOUL_JUNG,False,25600
550,권하나,Female,1956-11-07,10,물리치료사|간호사|사회복지사 2급|요양보호사 2급,고혈압|암|치매|관절염|당뇨,SEOUL_YANGCHEON,True,24600
551,김지훈,Male,1976-12-28,5,사회복지사 2급|요양보호사 2급,재활|골다공증|와상환자,GYEONGGI_NAMYANGJU,True,19200
552,임정숙,Female,1975-05-18,10,간호조무사|사회복지사 2급|재활치료사,뇌졸중|파킨슨|와상환자|중풍|당뇨,SEOUL_EUNPYEONG,True,22000
553,박철수,Male,1969-08-09,5,요양보호사 2급|간호사|물리치료사,척추염|뇌졸중|중풍|파킨슨,SEOUL_JUNGNANG,True,20500
554,이현정,Female,1964-10-23,6,재활치료사|사회복지사 2급,암|호스피스|고혈압|와상환자,SEOUL_GANGDONG,False,21400
555,양태영,Male,1978-09-08,9,재활치료사|요양보호사 2급|간호조무사,당뇨|식사보조|와상환자|인지장애|파킨슨,GYEONGGI_PYEONGTAEK,True,24400
556,남현정,Female,1973-06-03,3,간호조무사,관절염|암|치매,SEOUL_NOWON,False,16800
557,조도윤,Male,1957-03-11,3,물리치료사,암|식사보조|중풍|치매,SEOUL_DONGDAEMUN,False,19400
558,오지영,Female,1961-12-23,7,간호조무사|재활치료사|작업치료사,재활|척추염|관절염|당뇨,SEOUL_YEONGDEUNGPO,False,21200
559,조민준,Male,1989-05-02,9,사회복지사 2급|간호조무사|요양보호사 2급|작업치료사,암|재활|호스피스|와상환자|인지장애,SEOUL_MAPO,False,23400
560,안정호,Male,1950-10-19,4,요양보호사 2급|간호조무사|물리치료사,호스피스|치매|파킨슨,SEOUL_GANGNAM,True,19000
561,류유진,Female,1970-02-09,9,요양보호사 2급|작업치료사|재활치료사|요양보호사 1급,관절염|암|치매|중풍|와상환자,GYEONGGI_GIMPO,False,21700
562,유성호,Male,1960-02-17,3,사회복지사 2급,암|재활|치매|척추염,SEOUL_GEUMCHEON,False,17700
563,유지현,Female,1960-02-11,5,간호조무사|재활치료사|물리치료사,관절염|암|식사보조|척추염,SEOUL_DONGJAK,True,18600
564,유기철,Male,1965-08-31,10,재활치료사|사회복지사 2급|요양보호사 2급|작업치료사,호스피스|고혈압|식사보조|암|인지장애,SEOUL_GANGBUK,False,25300
565,조지영,Female,1984-03-19,6,물리치료사|재활치료사,재활|식사보조|뇌졸중|당뇨,SEOUL_NOWON,True,18900
566,신유진,Female,1975-07-06,12,사회복지사 2급|간호조무사|재활치료사|간호사|물리치료사,암|당뇨|와상환자|척추염|호스피스|파킨슨,GYEONGGI_PYEONGTAEK,False,24400
567,조정희,Female,1958-06-14,11,물리치료사|간호사|간호조무사|요양보호사 1급,고혈압|호스피스|골다공증|당뇨|관절염|식사보조,SEOUL_GWANGJIN,False,25300
568,이건우,Male,1983-11-17,10,간호사|작업치료사|재활치료사,중풍|암|재활|호스피스|고혈압|치매,GYEONGGI_SEONGNAM,False,21900
569,조지현,Female,1971-05-04,2,간호조무사|간호사,재활|암,SEOUL_YONGSAN,True,17500
570,문소영,Female,1974-07-31,8,재활치료사|작업치료사|요양보호사 2급|간호사,파킨슨|중풍|골다공증|당뇨|와상환자,SEOUL_GANGBUK,False,20700
571,송태영,Male,1988-12-01,4,작업치료사|요양보호사 1급,치매|관절염|호스피스|당뇨,SEOUL_GANGBUK,False,19900
572,강건우,Male,1972-10-13,10,사회복지사 2급|간호사|요양보호사 1급|재활치료사,파킨슨|골다공증|와상환자|뇌졸중|식사보조|당뇨,SEOUL_JONGNO,False,21800
573,배유진,Female,1985-05-11,5,간호조무사|재활치료사|요양보호사 2급,관절염|파킨슨|식사보조|호스피스,SEOUL_YANGCHEON,False,18300
574,조성민,Male,1955-02-14,3,간호조무사,인지장애|당뇨|척추염|중풍,SEOUL_DONGDAEMUN,False,18600
575,허성호,Male,1955-06-01,14,요양보호사 1급|사회복지사 2급|작업치료사|요양보호사 2급|간호사,파킨슨|골다공증|고혈압|중풍|와상환자|호스피스,SEOUL_EUNPYEONG,True,27100
576,장민정,Female,1956-08-17,4,간호사|요양보호사 2급|재활치료사,호스피스|관절염|당뇨,SEOUL_SEOCHO,True,18700
577,정경희,Female,1982-04-05,11,요양보호사 2급|작업치료사|간호사,골다공증|파킨슨|치매|암|식사보조|당뇨,SEOUL_YONGSAN,True,22500
578,강재호,Male,1987-12-19,3,사회복지사 2급,당뇨|재활|고혈압|뇌졸중,SEOUL_DONGJAK,True,17600
579,정미선,Female,1957-02-28,8,작업치료사|요양보호사 1급|간호사|간호조무사,골다공증|파킨슨|치매|와상환자,SEOUL_EUNPYEONG,True,23500
580,황태영,Male,1961-08-27,7,재활치료사|사회복지사 2급|물리치료사,뇌졸중|척추염|재활|식사보조|치매,SEOUL_DONGDAEMUN,False,20400
581,백영자,Female,1954-09-08,3,재활치료사|작업치료사,뇌졸중|중풍|관절염,SEOUL_JUNGNANG,True,16400
582,남숙자,Female,1952-07-31,12,사회복지사 2급|간호조무사|요양보호사 2급|간호사,와상환자|파킨슨|식사보조|재활|관절염|호스피스,SEOUL_GURO,True,25500
583,고도윤,Male,1959-11-05,14,요양보호사 1급|간호사|요양보호사 2급|작업치료사,당뇨|치매|재활|파킨슨|와상환자|골다공증,SEOUL_GURO,False,25500
584,백현정,Female,1972-04-26,9,물리치료사|간호조무사|사회복지사 2급,식사보조|인지장애|골다공증|당뇨|관절염|암,SEOUL_GANGDONG,False,21000
585,유준혁,Male,1972-10-01,6,물리치료사|요양보호사 2급,암|파킨슨|고혈압|관절염|인지장애,SEOUL_DONGDAEMUN,True,22300
586,최보람,Female,1978-10-12,11,요양보호사 1급|간호사|물리치료사,관절염|중풍|와상환자|골다공증|뇌졸중|당뇨,SEOUL_YANGCHEON,True,23000
587,임영희,Female,1970-04-26,2,간호사|사회복지사 2급,당뇨|뇌졸중|와상환자,GYEONGGI_HANAM,True,18900
588,백재호,Male,1973-02-07,3,재활치료사,호스피스|골다공증|중풍,SEOUL_GEUMCHEON,False,17500
589,안성호,Male,1959-10-25,11,재활치료사|요양보호사 2급|작업치료사,호스피스|당뇨|치매|식사보조|인지장애|관절염,SEOUL_SEODAEMUN,False,23600
590,권미선,Female,1976-12-11,10,요양보호사 2급|간호사|작업치료사,골다공증|암|치매|고혈압|척추염|인지장애,SEOUL_GWANGJIN,True,24100
591,신민재,Male,1953-11-09,3,물리치료사,골다공증|암|식사보조|관절염,SEOUL_JUNG,False,17200
592,류하나,Female,1968-04-17,10,재활치료사|물리치료사|간호사,재활|관절염|식사보조|고혈압|치매|골다공증,SEOUL_GURO,True,21900
593,백건우,Male,1964-01-18,15,간호사|작업치료사|재활치료사|요양보호사 1급|간호조무사,척추염|파킨슨|재활|관절염|치매|고혈압,DAEGU_SUSEONG,False,28800
594,남동현,Male,1953-06-23,2,간호사|재활치료사,와상환자|파킨슨,SEOUL_GANGSEO,False,18600
595,오서연,Female,1952-11-03,14,사회복지사 2급|물리치료사|간호사|간호조무사,호스피스|당뇨|골다공증|뇌졸중|파킨슨|인지장애,GYEONGGI_UIJEONGBU,True,26100
596,최성민,Male,1988-01-08,13,사회복지사 2급|간호조무사|작업치료사|재활치료사|간호사,호스피스|파킨슨|당뇨|뇌졸중|와상환자|골다공증,SEOUL_MAPO,False,24000
597,정지영,Female,1962-03-08,7,간호사|재활치료사,뇌졸중|와상환자|당뇨|관절염|호스피스,SEOUL_JONGNO,True,20700
598,조영자,Female,1985-02-28,6,요양보호사 1급|사회복지사 2급|요양보호사 2급,중풍|골다공증|파킨슨|식사보조,SEOUL_SEONGDONG,True,21600
599,백숙자,Female,1953-09-18,3,간호사,와상환자|암|골다공증|당뇨,DAEJEON_SEO,False,19200
600,양건우,Male,1974-12-22,10,요양보호사 2급|간호사|물리치료사,관절염|당뇨|인지장애|재활|중풍|척추염,GYEONGGI_UIJEONGBU,True,24400
601,장정은,Female,1955-03-06,11,요양보호사 1급|간호조무사|사회복지사 2급|요양보호사 2급,식사보조|당뇨|인지장애|와상환자|암,SEOUL_SEONGDONG,True,24600
602,배민수,Male,1951-09-04,9,간호조무사|간호사|물리치료사|작업치료사,척추염|치매|재활|골다공증|당뇨|호스피스,SEOUL_GURO,True,21200
603,임현정,Female,1983-08-02,12,요양보호사 2급|사회복지사 2급|물리치료사|간호사,고혈압|와상환자|파킨슨|뇌졸중|당뇨|척추염,GYEONGGI_ANYANG,True,23500
604,김은주,Female,1981-02-25,12,요양보호사 2급|물리치료사|간호조무사|요양보호사 1급|간호사,식사보조|당뇨|인지장애|뇌졸중|치매|관절염,SEOUL_GANGSEO,False,23200
605,유재호,Male,1959-10-09,9,작업치료사|요양보호사 1급|재활치료사,재활|당뇨|골다공증|뇌졸중|파킨슨,SEOUL_GANGDONG,True,23600
606,한혜진,Female,1966-03-23,5,요양보호사 2급|사회복지사 2급,재활|뇌졸중|골다공증,SEOUL_GEUMCHEON,False,21300
607,한민정,Female,1974-03-01,8,작업치료사|요양보호사 1급|사회복지사 2급,척추염|관절염|인지장애|식사보조,SEOUL_GANGSEO,False,22600
608,홍상철,Male,1989-01-16,6,간호사|사회복지사 2급|요양보호사 1급,치매|파킨슨|인지장애|당뇨|관절염,SEOUL_GANGSEO,False,20300
609,안민정,Female,1961-03-08,13,요양보호사 1급|물리치료사|재활치료사|작업치료사|간호조무사,중풍|당뇨|관절염|치매|식사보조|고혈압,SEOUL_SONGPA,True,26900
610,이상철,Male,1964-03-09,3,사회복지사 2급,중풍|재활|식사보조|척추염,GYEONGGI_GIMPO,True,16000
611,홍보람,Female,1955-05-18,3,작업치료사,치매|뇌졸중|척추염|재활,SEOUL_SONGPA,False,16900
612,양혜진,Female,1961-08-01,7,사회복지사 2급|간호사|재활치료사,재활|치매|식사보조|와상환자|고혈압,SEOUL_GWANGJIN,True,19300
613,최순자,Female,1983-02-18,6,물리치료사|작업치료사,암|관절염|골다공증|호스피스|재활,SEOUL_EUNPYEONG,False,19400
614,홍민준,Male,1982-05-30,11,요양보호사 2급|요양보호사 1급|재활치료사|간호사,뇌졸중|인지장애|호스피스|와상환자|척추염|중풍,SEOUL_JUNGNANG,False,24100
615,임준혁,Male,1977-09-09,15,간호조무사|재활치료사|간호사|요양보호사 2급,파킨슨|중풍|식사보조|치매|고혈압|호스피스,SEOUL_GANGSEO,True,26100
616,안승현,Male,1951-02-04,15,요양보호사 2급|간호사|재활치료사|물리치료사|간호조무사,뇌졸중|관절염|당뇨|치매|인지장애|식사보조,SEOUL_JUNGNANG,True,27200
617,송정숙,Female,1978-10-23,14,간호사|요양보호사 1급|물리치료사|재활치료사,호스피스|재활|인지장애|중풍|식사보조|치매,GYEONGGI_HANAM,True,27000
618,임하나,Female,1951-11-04,8,작업치료사|재활치료사|사회복지사 2급|간호사,파킨슨|관절염|당뇨|중풍,SEOUL_GWANAK,True,20500
619,서기철,Male,1960-09-22,10,간호조무사|간호사|작업치료사|재활치료사,고혈압|골다공증|척추염|파킨슨|와상환자,SEOUL_SEONGDONG,False,23300
620,고현우,Male,1973-06-08,3,작업치료사,관절염|척추염|호스피스|고혈압,SEOUL_SEONGBUK,True,17400
621,손민재,Male,1972-09-05,8,간호사|요양보호사 2급|사회복지사 2급|요양보호사 1급,고혈압|재활|식사보조|뇌졸중,SEOUL_SONGPA,True,21000
622,유미영,Female,1967-09-06,3,요양보호사 2급,인지장애|치매|척추염,SEOUL_GWANGJIN,False,19700
623,백지현,Female,1983-07-25,14,작업치료사|물리치료사|간호조무사|간호사,파킨슨|당뇨|와상환자|뇌졸중|암|식사보조,SEOUL_SONGPA,True,25100
624,황미숙,Female,1961-03-30,15,물리치료사|작업치료사|요양보호사 2급|요양보호사 1급|간호사,인지장애|호스피스|치매|뇌졸중|고혈압|파킨슨,SEOUL_GANGDONG,True,27100
625,정성호,Male,1972-03-05,8,요양보호사 2급|간호조무사|요양보호사 1급|재활치료사,재활|암|식사보조|고혈압,SEOUL_NOWON,True,23700
626,양현우,Male,1957-01-25,9,물리치료사|요양보호사 2급|재활치료사|간호조무사,파킨슨|당뇨|뇌졸중|치매|식사보조,SEOUL_YANGCHEON,False,21700
627,서지훈,Male,1957-09-18,13,요양보호사 1급|간호조무사|사회복지사 2급|요양보호사 2급,고혈압|골다공증|치매|와상환자|식사보조|암,SEOUL_YONGSAN,False,26800
628,오민수,Male,1989-01-17,13,요양보호사 2급|간호사|작업치료사|간호조무사|요양보호사 1급,호스피스|뇌졸중|골다공증|인지장애|중풍|와상환자,SEOUL_EUNPYEONG,True,24600
629,최영호,Male,1962-03-17,8,간호조무사|물리치료사|작업치료사,식사보조|척추염|당뇨|골다공증|인지장애,SEOUL_GWANGJIN,True,22400
630,양재호,Male,1951-02-11,15,요양보호사 1급|작업치료사|재활치료사|사회복지사 2급,식사보조|관절염|중풍|파킨슨|호스피스|와상환자,SEOUL_YONGSAN,False,28000
631,박성민,Male,1962-03-30,4,물리치료사|요양보호사 2급,와상환자|인지장애|골다공증,SEOUL_SONGPA,True,19800
632,안철수,Male,1985-08-30,2,사회복지사 2급|재활치료사,척추염|당뇨|와상환자,SEOUL_GANGNAM,False,16100
633,류현정,Female,1967-10-24,3,재활치료사,와상환자|식사보조|인지장애,SEOUL_GWANGJIN,True,17200
634,권혜진,Female,1965-08-18,5,사회복지사 2급|요양보호사 2급|물리치료사,치매|와상환자|당뇨,SEOUL_SEODAEMUN,False,19200
635,류미숙,Female,1975-08-27,6,간호사|간호조무사,고혈압|호스피스|식사보조|뇌졸중,SEOUL_SEOCHO,True,18900
636,조태영,Male,1961-05-18,6,재활치료사|사회복지사 2급,암|척추염|관절염|골다공증,SEOUL_GANGSEO,False,19200
637,임민재,Male,1952-12-22,9,재활치료사|간호사|요양보호사 2급,파킨슨|치매|암|식사보조|뇌졸중|당뇨,SEOUL_JUNGNANG,False,23300
638,윤은주,Female,1963-05-29,13,간호조무사|재활치료사|물리치료사|사회복지사 2급|요양보호사 1급,파킨슨|당뇨|고혈압|중풍|와상환자|척추염,SEOUL_JONGNO,False,26700
639,최상철,Male,1977-06-18,5,사회복지사 2급|재활치료사,골다공증|치매|당뇨|관절염,SEOUL_SONGPA,True,21100
640,고철수,Male,1953-10-01,2,간호조무사|재활치료사,파킨슨|중풍,DAEJEON_SEO,False,16000
641,윤지영,Female,1970-01-02,14,사회복지사 2급|물리치료사|간호사|요양보호사 1급,와상환자|치매|골다공증|중풍|관절염|식사보조,SEOUL_GANGNAM,False,25900
642,서승현,Male,1960-01-02,5,간호사|요양보호사 1급,파킨슨|호스피스|뇌졸중|골다공증,SEOUL_GANGBUK,True,20100
643,한정은,Female,1951-08-27,9,작업치료사|요양보호사 1급|간호사,척추염|당뇨|관절염|파킨슨|골다공증,SEOUL_SEOCHO,False,21300
644,심민수,Male,1966-10-05,12,물리치료사|간호조무사|재활치료사|작업치료사,골다공증|관절염|치매|와상환자|뇌졸중|파킨슨,SEOUL_SEONGDONG,True,23400
645,박성민,Male,1987-01-05,15,작업치료사|간호사|요양보호사 1급|사회복지사 2급|물리치료사,관절염|고혈압|식사보조|척추염|뇌졸중|골다공증,SEOUL_SEODAEMUN,False,28900
646,정준호,Male,1968-08-19,10,요양보호사 1급|작업치료사|간호사,파킨슨|치매|척추염|중풍|와상환자,SEOUL_SEONGBUK,False,25400
647,남민준,Male,1970-01-26,12,요양보호사 2급|요양보호사 1급|재활치료사|물리치료사|간호사,중풍|재활|파킨슨|치매|당뇨|인지장애,SEOUL_SEONGBUK,True,25500
648,임혜진,Female,1986-12-07,6,물리치료사|간호조무사,당뇨|암|고혈압|인지장애,SEOUL_DOBONG,True,21000
649,고하나,Female,1961-10-27,10,물리치료사|간호사|작업치료사,골다공증|재활|암|당뇨|파킨슨,SEOUL_JUNG,True,21700
650,임보람,Female,1973-03-12,7,작업치료사|사회복지사 2급|간호사,골다공증|파킨슨|척추염|관절염,GYEONGGI_BUCHEON,True,21500
651,이민준,Male,1979-01-16,3,요양보호사 1급|간호조무사,고혈압|와상환자|재활|뇌졸중,INCHEON_YEONSU,True,16300
652,심수진,Female,1979-05-24,11,요양보호사 1급|재활치료사|간호조무사|요양보호사 2급,파킨슨|호스피스|중풍|인지장애|식사보조|치매,SEOUL_NOWON,True,25900
653,조민수,Male,1950-11-02,2,물리치료사|요양보호사 1급,인지장애|와상환자|척추염,GYEONGGI_SUWON,False,15700
654,류미선,Female,1974-07-17,14,재활치료사|요양보호사 2급|간호조무사|요양보호사 1급|작업치료사,중풍|와상환자|파킨슨|치매|식사보조|척추염,SEOUL_YEONGDEUNGPO,False,28300
655,고현정,Female,1989-06-24,8,재활치료사|물리치료사|요양보호사 2급|간호조무사,와상환자|관절염|척추염|뇌졸중|당뇨,SEOUL_SEODAEMUN,False,22900
656,문재호,Male,1960-08-29,15,간호사|간호조무사|사회복지사 2급|요양보호사 1급|재활치료사,당뇨|골다공증|식사보조|파킨슨|와상환자|관절염,SEOUL_MAPO,True,29000
657,안성호,Male,1966-06-01,5,간호사|요양보호사 1급,골다공증|인지장애|관절염|호스피스,SEOUL_YANGCHEON,True,17700
658,고건우,Male,1978-06-21,9,간호사|물리치료사|작업치료사|사회복지사 2급,재활|당뇨|와상환자|고혈압|인지장애,GYEONGGI_ANYANG,False,21600
659,허성민,Male,1978-07-04,2,물리치료사,호스피스|고혈압,GYEONGGI_GWANGMYEONG,True,16300
660,홍현우,Male,1984-07-19,11,요양보호사 2급|간호조무사|사회복지사 2급,고혈압|당뇨|식사보조|골다공증|치매,SEOUL_GANGBUK,False,25200
661,송순자,Female,1986-07-20,7,재활치료사|간호조무사,치매|암|와상환자|파킨슨|고혈압,SEOUL_DOBONG,False,22200
662,한현우,Male,1983-03-25,12,사회복지사 2급|작업치료사|간호사|요양보호사 1급,고혈압|와상환자|당뇨|중풍|재활|파킨슨,SEOUL_SEODAEMUN,False,23200
663,장현수,Male,1968-03-13,2,재활치료사,관절염|뇌졸중,SEOUL_SEONGBUK,False,17000
664,허민수,Male,1989-10-01,9,물리치료사|간호사|요양보호사 2급|요양보호사 1급,재활|당뇨|고혈압|인지장애|식사보조|뇌졸중,SEOUL_NOWON,True,24700
665,정정은,Female,1964-09-24,2,재활치료사,인지장애|뇌졸중,SEOUL_DONGJAK,True,15700
666,심정호,Male,1981-11-13,15,간호사|물리치료사|작업치료사|사회복지사 2급|요양보호사 1급,인지장애|암|식사보조|당뇨|파킨슨|고혈압,SEOUL_DONGDAEMUN,True,27600
667,정현우,Male,1985-08-01,15,작업치료사|물리치료사|간호조무사|사회복지사 2급|요양보호사 1급,재활|고혈압|인지장애|관절염|치매|중풍,SEOUL_NOWON,True,26300
668,강상철,Male,1959-03-20,11,재활치료사|간호사|요양보호사 2급,식사보조|파킨슨|척추염|호스피스|중풍,GWANGJU_BUKGU,True,22700
669,한상철,Male,1953-07-12,13,간호사|재활치료사|작업치료사|간호조무사,척추염|암|고혈압|치매|호스피스|와상환자,SEOUL_SEONGBUK,True,27500
670,홍철수,Male,1980-11-29,11,간호사|작업치료사|재활치료사|요양보호사 2급,재활|관절염|암|파킨슨|인지장애,SEOUL_EUNPYEONG,False,24100
671,유소영,Female,1977-11-30,12,물리치료사|사회복지사 2급|작업치료사|간호조무사|재활치료사,골다공증|암|파킨슨|관절염|호스피스|고혈압,SEOUL_JUNG,True,26200
672,허은주,Female,1966-03-17,7,작업치료사|간호조무사,재활|중풍|당뇨|암,INCHEON_BUPYEONG,False,19900
673,백하나,Female,1954-04-22,12,작업치료사|요양보호사 2급|사회복지사 2급|물리치료사|간호사,와상환자|골다공증|암|식사보조|중풍|척추염,SEOUL_GURO,False,25500
674,백숙자,Female,1968-06-16,9,간호조무사|재활치료사|물리치료사|요양보호사 1급,인지장애|고혈압|관절염|척추염|치매|골다공증,GYEONGGI_SEONGNAM,False,21500
675,유정숙,Female,1982-09-08,7,간호사|간호조무사|요양보호사 1급,뇌졸중|인지장애|당뇨|치매,GYEONGGI_YONGIN,False,19300
676,윤정호,Male,1955-05-21,12,사회복지사 2급|요양보호사 1급|작업치료사|물리치료사|간호사,인지장애|당뇨|재활|와상환자|암|식사보조,GYEONGGI_UIJEONGBU,True,24900
677,황성호,Male,1975-07-04,10,사회복지사 2급|물리치료사|간호사|요양보호사 1급,인지장애|재활|와상환자|척추염|암,SEOUL_GANGBUK,True,24800
678,최정숙,Female,1981-05-15,14,물리치료사|요양보호사 1급|간호사|요양보호사 2급,고혈압|재활|척추염|골다공증|파킨슨|중풍,SEOUL_YANGCHEON,False,25700
679,박서연,Female,1975-11-14,10,요양보호사 1급|사회복지사 2급|물리치료사|작업치료사,척추염|파킨슨|재활|중풍|당뇨|뇌졸중,SEOUL_SEONGBUK,False,24400
680,황철수,Male,1981-03-03,2,물리치료사,고혈압|재활,SEOUL_YONGSAN,True,18700
681,오경희,Female,1972-06-18,7,간호사|요양보호사 1급|사회복지사 2급,와상환자|파킨슨|고혈압|인지장애|호스피스,SEOUL_SEODAEMUN,False,20100
682,송영호,Male,1950-05-23,10,간호사|간호조무사|요양보호사 1급,인지장애|와상환자|뇌졸중|골다공증|재활,SEOUL_YONGSAN,False,24300
683,이유진,Female,1969-12-13,10,물리치료사|간호사|요양보호사 2급|작업치료사,암|뇌졸중|관절염|인지장애|중풍|와상환자,GYEONGGI_GWANGMYEONG,True,24000
684,심재호,Male,1964-04-06,12,물리치료사|간호사|요양보호사 2급|재활치료사,호스피스|파킨슨|관절염|당뇨|뇌졸중|식사보조,SEOUL_GANGBUK,True,25300
685,백숙자,Female,1965-01-24,14,간호사|요양보호사 2급|재활치료사|요양보호사 1급,뇌졸중|척추염|골다공증|중풍|재활|당뇨,SEOUL_YANGCHEON,False,27000
686,서준혁,Male,1977-12-02,8,간호조무사|요양보호사 1급|재활치료사|사회복지사 2급,식사보조|호스피스|고혈압|관절염|와상환자,SEOUL_JUNGNANG,False,22900
687,남미선,Female,1968-05-24,7,요양보호사 1급|요양보호사 2급,재활|당뇨|암|인지장애,SEOUL_GURO,False,21600
688,권숙자,Female,1982-11-29,5,물리치료사|사회복지사 2급,뇌졸중|치매|중풍,SEOUL_JONGNO,False,21200
689,이태영,Male,1956-05-28,14,작업치료사|요양보호사 1급|간호조무사|사회복지사 2급|물리치료사,인지장애|재활|암|당뇨|관절염|식사보조,SEOUL_YONGSAN,True,26700
690,홍은주,Female,1982-12-25,10,요양보호사 1급|물리치료사|요양보호사 2급,치매|파킨슨|고혈압|당뇨|재활|척추염,SEOUL_SEONGDONG,False,22900
691,심성민,Male,1989-02-16,9,간호사|간호조무사|작업치료사,와상환자|골다공증|식사보조|암|뇌졸중|호스피스,SEOUL_EUNPYEONG,True,23800
692,박정호,Male,1975-07-06,14,간호조무사|사회복지사 2급|물리치료사|작업치료사|재활치료사,치매|인지장애|뇌졸중|골다공증|암|파킨슨,SEOUL_JUNGNANG,False,27900
693,문보람,Female,1981-05-31,4,물리치료사|재활치료사|간호사,식사보조|골다공증|당뇨|관절염,SEOUL_GANGSEO,False,17300
694,남영자,Female,1987-07-09,13,간호사|요양보호사 1급|물리치료사|간호조무사|작업치료사,척추염|뇌졸중|관절염|중풍|와상환자|식사보조,SEOUL_GWANGJIN,True,25800
695,김지훈,Male,1979-06-06,8,요양보호사 2급|간호사|간호조무사|요양보호사 1급,고혈압|척추염|골다공증|뇌졸중|호스피스,DAEGU_JUNG,False,21800
696,강시우,Male,1964-07-06,4,간호사|재활치료사|요양보호사 2급,중풍|재활|호스피스|뇌졸중,SEOUL_SEOCHO,False,18100
697,류민수,Male,1954-10-27,13,요양보호사 1급|재활치료사|사회복지사 2급|요양보호사 2급,뇌졸중|암|당뇨|식사보조|와상환자|호스피스,SEOUL_SEONGBUK,True,26600
698,류현우,Male,1953-06-20,6,사회복지사 2급|간호사,골다공증|고혈압|파킨슨|인지장애,GYEONGGI_SEONGNAM,True,19400
699,안명희,Female,1969-10-15,9,물리치료사|요양보호사 1급|사회복지사 2급,식사보조|뇌졸중|와상환자|파킨슨|호스피스|당뇨,SEOUL_EUNPYEONG,False,24600
700,손정숙,Female,1962-09-22,3,요양보호사 2급,인지장애|파킨슨|뇌졸중,SEOUL_SEONGDONG,False,16500
701,박영호,Male,1987-05-06,7,사회복지사 2급|재활치료사|작업치료사,당뇨|뇌졸중|고혈압|중풍,SEOUL_GWANAK,True,20500
702,장미선,Female,1957-08-23,6,작업치료사|간호사|물리치료사,치매|척추염|호스피스|뇌졸중,GYEONGGI_GOYANG,True,22200
703,황준혁,Male,1965-04-30,7,작업치료사|재활치료사,호스피스|재활|당뇨|골다공증|치매,SEOUL_JONGNO,True,19500
704,배기철,Male,1972-11-27,11,간호사|재활치료사|작업치료사,파킨슨|와상환자|재활|관절염|암,GYEONGGI_BUCHEON,True,24500
705,윤미영,Female,1987-11-28,14,사회복지사 2급|재활치료사|간호조무사|작업치료사|요양보호사 1급,식사보조|재활|암|고혈압|호스피스|치매,GYEONGGI_SIHEUNG,True,26900
706,최경희,Female,1951-12-23,6,요양보호사 1급|사회복지사 2급|물리치료사,관절염|식사보조|골다공증|암,SEOUL_SEODAEMUN,False,21500
707,강민준,Male,1956-05-22,12,요양보호사 1급|재활치료사|요양보호사 2급|간호조무사|작업치료사,식사보조|암|고혈압|뇌졸중|호스피스|중풍,SEOUL_GANGBUK,True,26100
708,황보람,Female,1968-01-25,13,요양보호사 2급|간호사|사회복지사 2급|간호조무사,관절염|호스피스|척추염|골다공증|파킨슨|와상환자,GYEONGGI_SUWON,False,24400
709,조수진,Female,1977-09-17,8,요양보호사 2급|요양보호사 1급|재활치료사,당뇨|뇌졸중|관절염|와상환자,SEOUL_DOBONG,False,22100
710,손정호,Male,1968-05-06,5,간호조무사|요양보호사 2급,호스피스|재활|와상환자|골다공증,SEOUL_SEONGBUK,False,17800
711,박영자,Female,1985-05-06,2,간호사|작업치료사,당뇨|척추염,SEOUL_YANGCHEON,True,17000
712,최영호,Male,1961-12-11,11,요양보호사 2급|물리치료사|요양보호사 1급|간호조무사,암|관절염|고혈압|골다공증|치매,SEOUL_YEONGDEUNGPO,False,25800
713,박영자,Female,1952-10-12,10,재활치료사|간호조무사|작업치료사,고혈압|치매|척추염|암|당뇨|뇌졸중,SEOUL_SEOCHO,True,24400
714,송민수,Male,1985-12-10,4,사회복지사 2급|요양보호사 1급,암|척추염|호스피스|관절염,SEOUL_DOBONG,False,19800
715,오상철,Male,1970-07-17,8,요양보호사 2급|요양보호사 1급|물리치료사,인지장애|파킨슨|치매|척추염,SEOUL_MAPO,True,23200
716,문준혁,Male,1972-10-14,13,요양보호사 1급|사회복지사 2급|요양보호사 2급|작업치료사,와상환자|척추염|식사보조|관절염|중풍|고혈압,SEOUL_GWANAK,False,23900
717,남순자,Female,1988-02-11,15,물리치료사|간호조무사|요양보호사 2급|사회복지사 2급,골다공증|재활|암|호스피스|중풍|척추염,SEOUL_SEOCHO,False,29000
718,손미영,Female,1966-11-20,15,간호조무사|간호사|작업치료사|물리치료사,식사보조|중풍|뇌졸중|와상환자|치매|척추염,GWANGJU_SEOGU,True,26500
719,손건우,Male,1955-03-13,2,요양보호사 2급|간호조무사,파킨슨|뇌졸중,SEOUL_EUNPYEONG,True,15700
720,장철수,Male,1982-07-14,6,작업치료사|요양보호사 2급|재활치료사,파킨슨|골다공증|암|고혈압,SEOUL_JUNG,False,18500
721,유숙자,Female,1953-03-01,13,간호조무사|사회복지사 2급|요양보호사 1급|간호사|작업치료사,당뇨|암|식사보조|중풍|파킨슨|와상환자,SEOUL_MAPO,False,26700
722,서철수,Male,1957-12-03,15,요양보호사 2급|간호조무사|작업치료사|간호사,와상환자|인지장애|암|식사보조|관절염|호스피스,SEOUL_YANGCHEON,True,28600
723,양승현,Male,1979-09-28,3,재활치료사,뇌졸중|치매|당뇨,SEOUL_GURO,False,19000
724,유지훈,Male,1950-12-17,12,사회복지사 2급|작업치료사|재활치료사|물리치료사|간호조무사,고혈압|파킨슨|재활|중풍|와상환자|당뇨,SEOUL_DONGDAEMUN,False,23300
725,신지현,Female,1969-04-04,2,사회복지사 2급,척추염|치매|중풍,SEOUL_SONGPA,True,17000
726,류용수,Male,1969-02-16,4,사회복지사 2급|간호조무사,치매|암|골다공증,SEOUL_DONGDAEMUN,True,20500
727,박준혁,Male,1985-03-26,15,사회복지사 2급|요양보호사 1급|재활치료사|간호조무사|요양보호사 2급,골다공증|척추염|파킨슨|중풍|고혈압|당뇨,GYEONGGI_YONGIN,True,25900
728,이정우,Male,1959-04-17,4,물리치료사|요양보호사 2급,척추염|뇌졸중|중풍,SEOUL_EUNPYEONG,True,19700
729,고현우,Male,1959-09-09,6,사회복지사 2급|물리치료사|요양보호사 2급,인지장애|와상환자|척추염|중풍,SEOUL_GANGBUK,False,19800
730,정미선,Female,1980-11-25,7,간호조무사|작업치료사,인지장애|골다공증|호스피스|뇌졸중|중풍,GYEONGGI_PAJU,True,19400
731,서명희,Female,1966-08-04,11,재활치료사|사회복지사 2급|요양보호사 2급,암|당뇨|골다공증|재활|중풍|치매,SEOUL_GANGSEO,False,23100
732,심미영,Female,1957-04-25,6,간호조무사|요양보호사 1급|물리치료사,관절염|중풍|호스피스|뇌졸중,SEOUL_GWANGJIN,True,19300
733,백정호,Male,1952-01-25,6,작업치료사|물리치료사|요양보호사 2급,치매|고혈압|파킨슨|중풍,GYEONGGI_HWASEONG,True,18900
734,김보람,Female,1953-06-01,7,재활치료사|요양보호사 2급|작업치료사,척추염|당뇨|치매|호스피스|와상환자,GYEONGGI_BUCHEON,True,22300
735,정민준,Male,1970-04-02,12,사회복지사 2급|재활치료사|요양보호사 1급|간호사,치매|호스피스|식사보조|와상환자|재활|골다공증,SEOUL_YONGSAN,False,26000
736,이은주,Female,1988-04-22,9,재활치료사|물리치료사|요양보호사 1급|요양보호사 2급,척추염|호스피스|암|관절염|재활,SEOUL_JUNG,False,23900
737,서유진,Female,1964-03-19,8,작업치료사|재활치료사|간호조무사|요양보호사 1급,와상환자|관절염|암|척추염|뇌졸중,GYEONGGI_ANYANG,True,21600
738,조경희,Female,1981-10-20,15,물리치료사|간호사|요양보호사 2급|재활치료사|사회복지사 2급,관절염|와상환자|치매|식사보조|파킨슨|호스피스,GWANGJU_BUKGU,False,27200
739,양성민,Male,1953-12-29,13,물리치료사|작업치료사|간호사|간호조무사,관절염|파킨슨|척추염|중풍|골다공증|와상환자,SEOUL_JONGNO,True,25400
740,손정우,Male,1984-12-09,9,간호사|간호조무사|요양보호사 2급|요양보호사 1급,골다공증|고혈압|호스피스|와상환자|뇌졸중,SEOUL_SEOCHO,False,22200
741,송보람,Female,1975-01-13,14,간호조무사|재활치료사|간호사|작업치료사|요양보호사 1급,고혈압|호스피스|중풍|와상환자|식사보조|당뇨,SEOUL_NOWON,True,26100
742,허현수,Male,1974-09-11,15,요양보호사 2급|간호조무사|재활치료사|물리치료사,척추염|암|당뇨|와상환자|뇌졸중|파킨슨,SEOUL_GANGBUK,True,28000
743,최현수,Male,1956-07-22,7,작업치료사|재활치료사|요양보호사 1급,와상환자|중풍|호스피스|뇌졸중|인지장애,GYEONGGI_SIHEUNG,False,19500
744,박서연,Female,1972-02-13,8,사회복지사 2급|요양보호사 2급|재활치료사|간호조무사,치매|고혈압|골다공증|와상환자,SEOUL_YANGCHEON,False,20200
745,정시우,Male,1973-09-25,6,요양보호사 1급|물리치료사,당뇨|호스피스|고혈압|인지장애,SEOUL_GANGNAM,True,20600
746,남영호,Male,1964-09-14,8,요양보호사 2급|작업치료사|사회복지사 2급|요양보호사 1급,고혈압|당뇨|재활|척추염,SEOUL_GWANGJIN,True,20400
747,조서연,Female,1986-01-21,11,작업치료사|간호사|요양보호사 1급|물리치료사,호스피스|고혈압|중풍|뇌졸중|와상환자,SEOUL_DONGDAEMUN,True,26200
748,오건우,Male,1989-08-14,8,요양보호사 2급|간호조무사|요양보호사 1급,뇌졸중|관절염|척추염|고혈압|치매,SEOUL_DONGJAK,True,23300
749,조현정,Female,1954-01-22,7,간호조무사|사회복지사 2급,치매|중풍|골다공증|관절염,SEOUL_GANGSEO,False,22700
750,신유진,Female,1986-09-28,7,물리치료사|간호조무사,치매|척추염|고혈압|관절염|와상환자,GYEONGGI_GOYANG,True,19900
751,문지현,Female,1971-01-12,13,물리치료사|재활치료사|요양보호사 1급|간호사,호스피스|중풍|당뇨|암|척추염|파킨슨,SEOUL_YANGCHEON,True,27400
752,백재호,Male,1972-11-16,12,작업치료사|물리치료사|간호사|요양보호사 1급,암|재활|뇌졸중|치매|파킨슨|골다공증,SEOUL_GWANGJIN,False,25500
753,류성호,Male,1953-08-13,11,요양보호사 2급|물리치료사|간호조무사|재활치료사,재활|고혈압|식사보조|골다공증|중풍|뇌졸중,SEOUL_GANGBUK,False,23700
754,송영호,Male,1971-01-03,10,사회복지사 2급|요양보호사 1급|요양보호사 2급,암|호스피스|뇌졸중|고혈압|와상환자,SEOUL_JONGNO,False,23800
755,한보람,Female,1952-06-14,15,간호사|요양보호사 1급|작업치료사|사회복지사 2급|요양보호사 2급,암|관절염|와상환자|중풍|척추염|재활,SEOUL_DONGJAK,False,26400
756,오승현,Male,1963-03-28,10,간호조무사|작업치료사|물리치료사,당뇨|치매|관절염|뇌졸중|고혈압|재활,GYEONGGI_NAMYANGJU,True,24600
757,장상철,Male,1963-06-15,13,간호사|요양보호사 1급|작업치료사|요양보호사 2급|물리치료사,재활|당뇨|호스피스|인지장애|암|중풍,GYEONGGI_BUCHEON,True,27100
758,배지영,Female,1950-01-30,12,요양보호사 1급|재활치료사|작업치료사|물리치료사,재활|고혈압|척추염|인지장애|치매|와상환자,GYEONGGI_YONGIN,True,26500
759,임건우,Male,1968-12-03,5,간호사|물리치료사,재활|식사보조|암,SEOUL_GWANAK,True,17800
760,권시우,Male,1962-10-08,10,간호조무사|요양보호사 1급|작업치료사|재활치료사,식사보조|암|척추염|치매|파킨슨,SEOUL_SONGPA,False,23300
761,배숙자,Female,1988-09-09,15,요양보호사 2급|작업치료사|사회복지사 2급|간호사,골다공증|치매|뇌졸중|재활|와상환자|인지장애,SEOUL_SONGPA,True,28600
762,김정희,Female,1952-11-03,10,작업치료사|재활치료사|요양보호사 2급|간호사,골다공증|고혈압|인지장애|파킨슨|관절염|호스피스,SEOUL_YANGCHEON,True,23400
763,오상철,Male,1988-04-01,7,사회복지사 2급|간호사|물리치료사,뇌졸중|파킨슨|척추염|관절염|재활,SEOUL_SEONGDONG,True,23100
764,임영호,Male,1982-10-11,5,요양보호사 1급|요양보호사 2급|사회복지사 2급,관절염|치매|인지장애|고혈압,BUSAN_SUYEONG,True,18600
765,박태영,Male,1961-06-01,3,간호조무사,치매|척추염|뇌졸중,SEOUL_GANGSEO,True,18500
766,김은주,Female,1951-12-23,15,재활치료사|요양보호사 2급|사회복지사 2급|간호사|물리치료사,척추염|관절염|뇌졸중|골다공증|식사보조|당뇨,SEOUL_GANGNAM,True,27200
767,서승현,Male,1969-01-16,2,간호조무사|간호사,당뇨|호스피스,SEOUL_DONGJAK,True,15100
768,최민재,Male,1967-02-17,7,간호조무사|요양보호사 1급|사회복지사 2급,치매|호스피스|당뇨|관절염|파킨슨,SEOUL_YONGSAN,False,22900
769,심미영,Female,1953-01-01,6,간호사|물리치료사,호스피스|관절염|치매|뇌졸중|와상환자,SEOUL_GANGDONG,False,22000
770,권미영,Female,1951-10-30,15,물리치료사|작업치료사|요양보호사 2급|간호조무사|재활치료사,식사보조|인지장애|암|당뇨|파킨슨|관절염,SEOUL_DOBONG,False,27600
771,배민수,Male,1960-04-19,7,재활치료사|요양보호사 2급|물리치료사,치매|재활|파킨슨|암,SEOUL_NOWON,True,20700
772,이하나,Female,1983-06-06,3,간호조무사,관절염|재활|중풍|파킨슨,SEOUL_JONGNO,False,19000
773,손서연,Female,1963-10-20,6,요양보호사 1급|작업치료사|간호조무사,식사보조|척추염|당뇨|고혈압,SEOUL_SEOCHO,False,19900
774,허시우,Male,1958-08-26,5,간호조무사|물리치료사|사회복지사 2급,재활|고혈압|중풍|뇌졸중,GYEONGGI_PYEONGTAEK,False,18900
775,배은주,Female,1983-03-16,8,작업치료사|사회복지사 2급|요양보호사 2급,인지장애|식사보조|척추염|당뇨|뇌졸중,SEOUL_SONGPA,False,22100
776,오철수,Male,1959-06-10,10,작업치료사|물리치료사|간호사,인지장애|중풍|관절염|골다공증|호스피스|고혈압,SEOUL_YANGCHEON,False,23000
777,허순자,Female,1955-03-17,11,요양보호사 1급|요양보호사 2급|간호조무사,골다공증|식사보조|관절염|재활|인지장애,SEOUL_NOWON,False,26100
778,홍정희,Female,1985-01-30,15,작업치료사|간호조무사|사회복지사 2급|요양보호사 1급,척추염|당뇨|중풍|인지장애|호스피스|뇌졸중,SEOUL_YONGSAN,False,27000
779,서시우,Male,1953-02-19,6,물리치료사|간호사,치매|호스피스|당뇨|뇌졸중,SEOUL_YEONGDEUNGPO,True,20200
780,백혜진,Female,1955-07-23,7,간호조무사|요양보호사 2급|재활치료사,고혈압|치매|당뇨|재활|관절염,DAEGU_SUSEONG,False,20800
781,양미선,Female,1972-09-19,13,간호사|간호조무사|재활치료사|물리치료사|작업치료사,관절염|뇌졸중|암|재활|인지장애|식사보조,GYEONGGI_GIMPO,False,27200
782,한수진,Female,1963-07-15,13,사회복지사 2급|요양보호사 1급|요양보호사 2급|작업치료사,호스피스|당뇨|척추염|인지장애|중풍|치매,SEOUL_GWANGJIN,True,25200
783,윤용수,Male,1985-10-11,2,간호사|사회복지사 2급,뇌졸중|파킨슨|와상환자,GYEONGGI_GWANGMYEONG,False,18900
784,허순자,Female,1960-09-29,9,물리치료사|요양보호사 2급|요양보호사 1급|재활치료사,호스피스|척추염|뇌졸중|와상환자|관절염,SEOUL_GANGNAM,True,24000
785,양지현,Female,1968-03-16,12,요양보호사 1급|사회복지사 2급|작업치료사|재활치료사,관절염|중풍|고혈압|암|파킨슨|뇌졸중,SEOUL_GEUMCHEON,False,23900
786,오승현,Male,1959-08-23,4,간호조무사|재활치료사,파킨슨|당뇨|암|와상환자,SEOUL_JUNGNANG,False,20700
787,권보람,Female,1955-05-13,14,요양보호사 2급|사회복지사 2급|요양보호사 1급|물리치료사,와상환자|파킨슨|인지장애|식사보조|척추염|뇌졸중,SEOUL_JUNGNANG,True,25000
788,유도윤,Male,1962-08-14,6,간호사|요양보호사 2급,와상환자|고혈압|호스피스|당뇨,SEOUL_GANGNAM,True,21000
789,황정우,Male,1979-05-21,3,사회복지사 2급,관절염|암|척추염|고혈압,SEOUL_YANGCHEON,False,16400
790,강영호,Male,1963-12-14,7,간호조무사|사회복지사 2급,치매|뇌졸중|재활|척추염|파킨슨,SEOUL_GWANGJIN,False,19400
791,백현정,Female,1958-07-30,7,사회복지사 2급|요양보호사 2급,치매|호스피스|식사보조|인지장애,SEOUL_DONGDAEMUN,False,19700
792,안현정,Female,1950-03-08,8,재활치료사|물리치료사|간호사|작업치료사,당뇨|식사보조|중풍|와상환자|골다공증,SEOUL_EUNPYEONG,True,22600
793,조정은,Female,1968-07-11,8,간호사|작업치료사|요양보호사 1급,인지장애|파킨슨|골다공증|당뇨|뇌졸중,GYEONGGI_SEONGNAM,True,23800
794,허성민,Male,1962-11-13,9,요양보호사 1급|재활치료사|간호조무사|요양보호사 2급,암|식사보조|와상환자|관절염|중풍|치매,SEOUL_GWANAK,True,23200
795,권용수,Male,1985-05-13,5,사회복지사 2급|요양보호사 2급,척추염|식사보조|와상환자,GYEONGGI_HWASEONG,False,21400
796,심준혁,Male,1977-06-05,10,간호조무사|요양보호사 1급|간호사,파킨슨|뇌졸중|와상환자|당뇨|식사보조,GYEONGGI_GWANGMYEONG,False,24500
797,배명희,Female,1979-10-27,13,작업치료사|요양보호사 2급|물리치료사|요양보호사 1급|간호사,식사보조|골다공증|호스피스|암|관절염|인지장애,GYEONGGI_PYEONGTAEK,True,24500
798,김유진,Female,1959-01-31,8,작업치료사|간호사|요양보호사 1급,뇌졸중|골다공증|재활|암|고혈압,SEOUL_SEODAEMUN,True,20400
799,권순자,Female,1977-02-02,4,재활치료사|간호사,호스피스|인지장애|중풍,SEOUL_GWANAK,True,20700
800,최현정,Female,1974-07-23,7,물리치료사|요양보호사 1급,치매|뇌졸중|파킨슨|골다공증,SEOUL_JONGNO,True,20800
801,고성호,Male,1972-05-08,9,간호사|사회복지사 2급|물리치료사,고혈압|중풍|뇌졸중|호스피스|암,SEOUL_SEODAEMUN,False,22900
802,배건우,Male,1952-08-13,3,요양보호사 1급,골다공증|고혈압|파킨슨|재활,SEOUL_GANGDONG,False,19600
803,이지현,Female,1965-05-05,14,간호조무사|요양보호사 2급|재활치료사|사회복지사 2급|요양보호사 1급,척추염|호스피스|암|파킨슨|고혈압|치매,SEOUL_DONGDAEMUN,True,25200
804,안미영,Female,1983-09-12,6,요양보호사 2급|사회복지사 2급,암|호스피스|인지장애|파킨슨|뇌졸중,SEOUL_SEODAEMUN,True,20000
805,권순자,Female,1951-07-07,11,요양보호사 2급|간호조무사|작업치료사,파킨슨|인지장애|중풍|관절염|치매,SEOUL_JONGNO,True,24000
806,김도윤,Male,1960-09-25,9,작업치료사|물리치료사|간호조무사|사회복지사 2급,중풍|호스피스|고혈압|뇌졸중|인지장애|골다공증,GYEONGGI_UIJEONGBU,False,20800
807,문성민,Male,1977-07-04,4,재활치료사|요양보호사 1급|요양보호사 2급,관절염|치매|당뇨,SEOUL_JUNGNANG,False,17500
808,이숙자,Female,1953-01-26,7,요양보호사 2급|물리치료사|재활치료사,와상환자|척추염|파킨슨|치매,SEOUL_YONGSAN,False,19200
809,송지현,Female,1965-01-14,6,물리치료사|요양보호사 1급,와상환자|식사보조|암|재활,GYEONGGI_YONGIN,True,19300
810,황하나,Female,1965-04-24,4,물리치료사|작업치료사,골다공증|고혈압|호스피스|재활,SEOUL_NOWON,True,18900
811,조수진,Female,1968-02-09,2,물리치료사|요양보호사 1급,골다공증|고혈압|인지장애,GYEONGGI_GOYANG,False,15700
812,남용수,Male,1967-06-01,14,간호사|요양보호사 2급|재활치료사|물리치료사|간호조무사,재활|파킨슨|호스피스|치매|인지장애|암,SEOUL_MAPO,True,25400
813,문건우,Male,1985-03-14,9,요양보호사 2급|사회복지사 2급|요양보호사 1급,식사보조|골다공증|척추염|치매|호스피스,SEOUL_GWANAK,False,24000
814,서숙자,Female,1959-06-25,12,요양보호사 2급|요양보호사 1급|사회복지사 2급|간호사,골다공증|식사보조|관절염|치매|인지장애|호스피스,SEOUL_YANGCHEON,False,26900
815,한태영,Male,1985-06-05,15,작업치료사|사회복지사 2급|요양보호사 1급|물리치료사|요양보호사 2급,호스피스|치매|암|관절염|척추염|고혈압,SEOUL_SEONGDONG,True,27400
816,송준혁,Male,1969-04-01,5,재활치료사|작업치료사,호스피스|뇌졸중|재활|식사보조,SEOUL_YANGCHEON,True,19200
817,최현정,Female,1985-07-08,2,물리치료사,호스피스|재활,SEOUL_SEONGDONG,False,16800
818,임하나,Female,1981-10-30,14,작업치료사|재활치료사|사회복지사 2급|간호조무사,호스피스|파킨슨|재활|식사보조|와상환자|고혈압,SEOUL_JUNGNANG,True,25400
819,한순자,Female,1973-08-04,3,물리치료사|요양보호사 2급,파킨슨|치매|뇌졸중,SEOUL_SEODAEMUN,False,18200
820,송현수,Male,1964-12-06,2,요양보호사 1급,암|관절염,SEOUL_GURO,True,16700
821,남정은,Female,1976-08-06,11,요양보호사 2급|사회복지사 2급|요양보호사 1급|물리치료사,인지장애|암|골다공증|중풍|호스피스,SEOUL_GANGSEO,True,24700
822,허현수,Male,1981-05-07,15,요양보호사 1급|간호조무사|요양보호사 2급|작업치료사|재활치료사,당뇨|관절염|척추염|인지장애|고혈압|골다공증,SEOUL_YEONGDEUNGPO,True,28700
823,임숙자,Female,1967-04-26,2,간호사,식사보조|치매|중풍,SEOUL_GEUMCHEON,True,18000
824,장정숙,Female,1955-11-12,3,요양보호사 1급,파킨슨|척추염|관절염|뇌졸중,SEOUL_GANGBUK,False,16300
825,송기철,Male,1957-07-23,6,간호사|물리치료사|작업치료사,와상환자|재활|고혈압|골다공증,SEOUL_DOBONG,False,20800
826,박태영,Male,1989-05-29,11,간호조무사|요양보호사 1급|작업치료사,당뇨|중풍|와상환자|고혈압|치매|골다공증,SEOUL_DOBONG,True,22800
827,황영희,Female,1989-11-15,3,요양보호사 2급,당뇨|골다공증|재활|치매,SEOUL_GWANAK,True,17500
828,신수진,Female,1984-08-12,10,요양보호사 1급|간호조무사|사회복지사 2급,식사보조|척추염|암|와상환자|관절염|재활,SEOUL_DOBONG,False,23300
829,윤성민,Male,1952-06-24,15,간호사|재활치료사|간호조무사|사회복지사 2급|물리치료사,관절염|치매|재활|파킨슨|암|당뇨,SEOUL_DONGJAK,True,29500
830,유재호,Male,1986-06-13,12,요양보호사 1급|재활치료사|사회복지사 2급|간호조무사|물리치료사,골다공증|치매|척추염|와상환자|식사보조|고혈압,SEOUL_YANGCHEON,True,23800
831,오민정,Female,1965-07-04,12,물리치료사|사회복지사 2급|요양보호사 2급|간호조무사|요양보호사 1급,치매|인지장애|척추염|뇌졸중|암|호스피스,SEOUL_YONGSAN,False,23500
832,심철수,Male,1977-10-25,3,요양보호사 2급,재활|골다공증|당뇨,SEOUL_GANGDONG,False,17700
833,류정은,Female,1969-11-26,4,물리치료사|요양보호사 2급,당뇨|중풍|고혈압|골다공증,SEOUL_YANGCHEON,False,19600
834,신숙자,Female,1967-03-29,15,간호조무사|재활치료사|요양보호사 2급|요양보호사 1급|작업치료사,골다공증|암|당뇨|척추염|치매|식사보조,SEOUL_YEONGDEUNGPO,False,28300
835,배상철,Male,1979-04-19,15,간호조무사|작업치료사|사회복지사 2급|재활치료사,식사보조|재활|와상환자|인지장애|파킨슨|골다공증,SEOUL_SEONGDONG,True,29200
836,백정숙,Female,1964-01-11,6,간호조무사|간호사|요양보호사 1급,당뇨|와상환자|치매|식사보조|관절염,SEOUL_DOBONG,False,18500
837,임영희,Female,1986-01-30,9,작업치료사|재활치료사|물리치료사,암|재활|중풍|당뇨|호스피스,GYEONGGI_NAMYANGJU,True,24300
838,심보람,Female,1964-10-31,3,요양보호사 2급|간호사,당뇨|뇌졸중|암|호스피스,GYEONGGI_SUWON,False,16900
839,심정우,Male,1981-09-17,7,재활치료사|작업치료사,치매|식사보조|척추염|호스피스,SEOUL_SEOCHO,False,22200
840,황도윤,Male,1958-03-12,12,간호사|재활치료사|물리치료사|작업치료사|사회복지사 2급,골다공증|호스피스|와상환자|재활|치매|암,SEOUL_JUNGNANG,True,24400
841,권재호,Male,1973-02-06,8,물리치료사|요양보호사 2급|간호조무사|간호사,척추염|관절염|식사보조|중풍,SEOUL_GEUMCHEON,True,22300
842,조재호,Male,1962-01-19,12,간호사|재활치료사|요양보호사 2급|물리치료사,뇌졸중|관절염|척추염|치매|재활|호스피스,GYEONGGI_GWANGMYEONG,True,26900
843,허건우,Male,1956-07-05,11,요양보호사 2급|작업치료사|물리치료사,파킨슨|고혈압|척추염|인지장애|치매|식사보조,GYEONGGI_PYEONGTAEK,False,24400
844,박도윤,Male,1958-09-29,2,물리치료사,식사보조|중풍|골다공증,SEOUL_DONGDAEMUN,True,19000
845,허숙자,Female,1972-05-24,12,요양보호사 1급|요양보호사 2급|작업치료사|재활치료사,척추염|호스피스|고혈압|뇌졸중|치매|당뇨,SEOUL_GANGBUK,False,26400
846,김혜진,Female,1979-06-23,13,요양보호사 2급|요양보호사 1급|작업치료사|사회복지사 2급,암|척추염|인지장애|와상환자|호스피스|중풍,SEOUL_SONGPA,False,25100
847,송준호,Male,1971-01-01,6,요양보호사 1급|간호조무사,고혈압|골다공증|관절염|중풍,GYEONGGI_HANAM,False,19500
848,백도윤,Male,1954-01-17,2,재활치료사|간호사,당뇨|치매,SEOUL_GWANGJIN,False,16600
849,유건우,Male,1985-05-21,8,간호조무사|요양보호사 1급|간호사,고혈압|와상환자|호스피스|당뇨,GYEONGGI_PAJU,True,21800
850,서서연,Female,1955-04-19,9,재활치료사|사회복지사 2급|간호사,와상환자|인지장애|식사보조|골다공증|뇌졸중|파킨슨,SEOUL_SEODAEMUN,True,21900
851,황지훈,Male,1976-08-22,5,간호조무사|사회복지사 2급|재활치료사,뇌졸중|골다공증|재활,SEOUL_DONGDAEMUN,True,21400
852,정현정,Female,1973-05-03,4,작업치료사|사회복지사 2급,치매|척추염|재활,GYEONGGI_YONGIN,False,17300
853,조준호,Male,1977-04-06,3,사회복지사 2급|작업치료사,고혈압|암|치매|파킨슨,SEOUL_DONGDAEMUN,False,16600
854,심승현,Male,1980-09-14,10,물리치료사|작업치료사|사회복지사 2급,인지장애|뇌졸중|고혈압|골다공증|호스피스,GYEONGGI_PAJU,False,25400
855,문정숙,Female,1987-02-05,7,요양보호사 2급|요양보호사 1급,치매|재활|뇌졸중|파킨슨|인지장애,SEOUL_MAPO,False,22400
856,한보람,Female,1953-09-04,7,사회복지사 2급|요양보호사 1급,파킨슨|인지장애|호스피스|고혈압,SEOUL_GURO,True,21500
857,류지현,Female,1973-02-06,6,물리치료사|요양보호사 2급|작업치료사,호스피스|재활|관절염|파킨슨,SEOUL_GWANAK,True,20000
858,장은주,Female,1977-10-11,8,재활치료사|요양보호사 2급|간호조무사,중풍|호스피스|와상환자|인지장애,SEOUL_SONGPA,True,20000
859,안미영,Female,1950-05-16,9,물리치료사|요양보호사 2급|작업치료사|간호조무사,암|관절염|호스피스|중풍|당뇨|뇌졸중,SEOUL_NOWON,False,22400
860,백정호,Male,1984-11-19,5,물리치료사|재활치료사|간호사,관절염|암|뇌졸중,SEOUL_GANGNAM,False,18800
861,서재호,Male,1980-11-01,6,간호사|간호조무사,재활|당뇨|척추염|인지장애|호스피스,GYEONGGI_GOYANG,True,22200
862,권준혁,Male,1967-01-27,12,재활치료사|작업치료사|간호사|간호조무사,식사보조|재활|인지장애|중풍|호스피스|골다공증,SEOUL_SEOCHO,False,23500
863,심경희,Female,1979-08-04,9,간호사|요양보호사 1급|작업치료사|요양보호사 2급,식사보조|치매|고혈압|와상환자|재활,INCHEON_NAMDONG,False,22200
864,유정은,Female,1984-09-22,8,요양보호사 1급|요양보호사 2급|사회복지사 2급,인지장애|당뇨|골다공증|척추염,GYEONGGI_NAMYANGJU,True,20800
865,오소영,Female,1986-09-29,14,요양보호사 1급|간호사|사회복지사 2급|재활치료사|작업치료사,척추염|뇌졸중|파킨슨|재활|관절염|치매,GYEONGGI_SEONGNAM,False,28500
866,김동현,Male,1969-10-16,5,사회복지사 2급|간호조무사|작업치료사,중풍|와상환자|재활,GYEONGGI_BUCHEON,False,18000
867,한서연,Female,1961-05-24,3,요양보호사 2급,식사보조|재활|인지장애|중풍,GYEONGGI_NAMYANGJU,True,18600
868,박지현,Female,1975-06-06,13,간호사|사회복지사 2급|물리치료사|작업치료사,식사보조|치매|고혈압|재활|호스피스|관절염,SEOUL_DOBONG,False,24100
869,유재호,Male,1957-10-13,14,물리치료사|간호조무사|재활치료사|간호사,치매|골다공증|고혈압|파킨슨|와상환자|호스피스,SEOUL_JUNG,False,27800
870,류영호,Male,1979-06-09,4,간호조무사|사회복지사 2급|요양보호사 2급,인지장애|파킨슨|관절염|암,SEOUL_JUNG,True,17500
871,장경희,Female,1969-06-20,15,요양보호사 1급|작업치료사|사회복지사 2급|재활치료사,중풍|치매|식사보조|관절염|와상환자|고혈압,SEOUL_GEUMCHEON,True,27600
872,유도윤,Male,1978-08-31,11,물리치료사|작업치료사|간호조무사,당뇨|호스피스|재활|관절염|와상환자|파킨슨,SEOUL_GWANAK,True,23600
873,오민준,Male,1962-02-02,7,요양보호사 1급|요양보호사 2급|간호사,식사보조|호스피스|뇌졸중|치매|척추염,BUSAN_HAEUNDAE,True,21000
874,강경희,Female,1980-10-08,3,요양보호사 1급,인지장애|골다공증|호스피스|당뇨,SEOUL_MAPO,True,19300
875,김민재,Male,1972-07-13,5,요양보호사 2급|간호조무사,관절염|재활|파킨슨,SEOUL_GEUMCHEON,False,20500
876,양순자,Female,1953-04-05,9,작업치료사|물리치료사|간호사|요양보호사 1급,재활|와상환자|파킨슨|척추염|호스피스|뇌졸중,SEOUL_JONGNO,False,23600
877,안숙자,Female,1956-07-06,8,요양보호사 2급|물리치료사|사회복지사 2급,관절염|재활|파킨슨|뇌졸중,SEOUL_YEONGDEUNGPO,False,23200
878,문준호,Male,1954-11-29,4,물리치료사|재활치료사,식사보조|척추염|중풍,SEOUL_SEOCHO,True,17300
879,이건우,Male,1973-11-16,13,간호사|간호조무사|물리치료사|작업치료사,와상환자|치매|식사보조|뇌졸중|호스피스|척추염,SEOUL_YEONGDEUNGPO,True,24400
880,한미영,Female,1959-05-21,12,작업치료사|간호사|요양보호사 2급|요양보호사 1급|재활치료사,와상환자|중풍|치매|뇌졸중|관절염|인지장애,SEOUL_DOBONG,False,24800
881,김하나,Female,1970-03-11,4,간호사|물리치료사|요양보호사 1급,뇌졸중|호스피스|인지장애,SEOUL_NOWON,True,19500
882,허동현,Male,1951-08-07,4,사회복지사 2급|요양보호사 1급,암|중풍|와상환자,GYEONGGI_GWANGMYEONG,True,18900
883,류준혁,Male,1963-09-15,11,작업치료사|간호사|사회복지사 2급|재활치료사,호스피스|치매|고혈압|중풍|골다공증|뇌졸중,SEOUL_DONGJAK,False,22600
884,김명희,Female,1987-08-30,7,물리치료사|재활치료사,와상환자|중풍|재활|고혈압,SEOUL_GANGNAM,False,20500
885,심정우,Male,1960-07-07,5,물리치료사|요양보호사 2급,중풍|호스피스|고혈압|식사보조,ULSAN_JUNG,False,18100
886,문상철,Male,1973-01-25,12,요양보호사 2급|작업치료사|물리치료사|사회복지사 2급|재활치료사,와상환자|암|골다공증|인지장애|식사보조|재활,SEOUL_JUNG,False,25400
887,조미영,Female,1959-12-29,8,작업치료사|재활치료사|요양보호사 1급,관절염|중풍|척추염|호스피스|암,SEOUL_NOWON,True,23800
888,양유진,Female,1965-02-22,8,요양보호사 1급|간호조무사|작업치료사|간호사,척추염|파킨슨|호스피스|와상환자|고혈압,SEOUL_SEONGBUK,False,23700
889,임현정,Female,1978-11-11,13,물리치료사|사회복지사 2급|간호사|재활치료사|작업치료사,고혈압|중풍|암|뇌졸중|인지장애|와상환자,SEOUL_SEONGDONG,True,25300
890,권미숙,Female,1970-11-21,12,간호조무사|간호사|사회복지사 2급|물리치료사|요양보호사 2급,호스피스|당뇨|재활|고혈압|와상환자|암,SEOUL_JUNGNANG,True,26600
891,문숙자,Female,1959-03-15,3,물리치료사,고혈압|인지장애|암,SEOUL_YONGSAN,True,16100
892,안민준,Male,1989-07-23,12,간호사|요양보호사 2급|작업치료사|사회복지사 2급|재활치료사,골다공증|식사보조|치매|호스피스|관절염|인지장애,SEOUL_JUNGNANG,True,25100
893,장민재,Male,1960-05-14,7,사회복지사 2급|간호조무사,와상환자|뇌졸중|고혈압|관절염|파킨슨,SEOUL_NOWON,False,20200
894,신상철,Male,1959-01-02,9,간호사|재활치료사|간호조무사,중풍|파킨슨|척추염|호스피스|뇌졸중,SEOUL_EUNPYEONG,False,23100
895,이미영,Female,1977-02-17,9,재활치료사|물리치료사|요양보호사 1급,골다공증|당뇨|척추염|식사보조|관절염,SEOUL_YANGCHEON,True,23400
896,류현수,Male,1975-10-07,2,사회복지사 2급|요양보호사 1급,치매|재활|암,SEOUL_JUNG,True,16000
897,고재호,Male,1986-09-22,11,간호사|물리치료사|간호조무사,와상환자|뇌졸중|관절염|고혈압|척추염|치매,SEOUL_YEONGDEUNGPO,False,24800
898,홍미숙,Female,1969-05-13,6,간호조무사|요양보호사 2급,중풍|와상환자|재활|골다공증|관절염,SEOUL_GANGBUK,True,20800
899,홍수진,Female,1950-06-16,11,재활치료사|사회복지사 2급|요양보호사 1급,관절염|파킨슨|치매|골다공증|뇌졸중,SEOUL_EUNPYEONG,True,23900
900,송보람,Female,1984-09-06,4,간호사|요양보호사 1급,식사보조|척추염|관절염|중풍,SEOUL_JONGNO,True,20400
901,강소영,Female,1950-05-07,8,재활치료사|요양보호사 2급|간호조무사|사회복지사 2급,뇌졸중|골다공증|중풍|호스피스|척추염,SEOUL_GWANGJIN,True,20500
902,남시우,Male,1977-07-16,5,간호조무사|요양보호사 2급,고혈압|치매|골다공증|뇌졸중,SEOUL_GURO,False,20900
903,문태영,Male,1971-02-27,4,요양보호사 2급|간호사,관절염|치매|암,SEOUL_GWANAK,False,18300
904,정영희,Female,1972-06-29,2,물리치료사,식사보조|관절염,SEOUL_JUNGNANG,True,16400
905,오은주,Female,1984-02-11,10,사회복지사 2급|물리치료사|작업치료사|재활치료사,고혈압|인지장애|당뇨|와상환자|암|파킨슨,SEOUL_GWANGJIN,False,21700
906,심보람,Female,1973-02-05,5,요양보호사 2급|요양보호사 1급|물리치료사,당뇨|고혈압|암|치매,SEOUL_GANGBUK,True,19800
907,문민수,Male,1986-06-16,15,물리치료사|요양보호사 2급|사회복지사 2급|간호사,인지장애|재활|식사보조|파킨슨|골다공증|뇌졸중,GYEONGGI_UIJEONGBU,True,28500
908,남수진,Female,1974-09-04,4,간호사|요양보호사 1급|물리치료사,중풍|인지장애|뇌졸중|고혈압,SEOUL_JONGNO,True,18700
909,고민재,Male,1980-06-13,9,요양보호사 1급|사회복지사 2급|간호조무사|물리치료사,식사보조|관절염|고혈압|당뇨|중풍|골다공증,SEOUL_NOWON,False,24600
910,김민준,Male,1965-07-27,10,간호조무사|요양보호사 2급|요양보호사 1급|간호사,뇌졸중|인지장애|재활|척추염|당뇨,SEOUL_GWANAK,False,24900
911,권현우,Male,1980-02-02,8,간호사|간호조무사|재활치료사|물리치료사,파킨슨|고혈압|암|재활|골다공증,SEOUL_JONGNO,True,22300
912,류정은,Female,1968-04-05,2,작업치료사|재활치료사,파킨슨|중풍,SEOUL_SONGPA,False,15300
913,오순자,Female,1968-06-18,12,간호사|요양보호사 2급|간호조무사|재활치료사,와상환자|당뇨|재활|파킨슨|치매|뇌졸중,SEOUL_GWANAK,True,24600
914,임지훈,Male,1962-06-10,6,작업치료사|물리치료사|사회복지사 2급,골다공증|암|고혈압|식사보조|호스피스,SEOUL_SEONGBUK,False,19300
915,김준혁,Male,1972-07-06,8,물리치료사|간호조무사|재활치료사,암|중풍|재활|골다공증|고혈압,SEOUL_YANGCHEON,True,21000
916,이현수,Male,1958-01-19,14,사회복지사 2급|물리치료사|작업치료사|간호사|간호조무사,중풍|뇌졸중|인지장애|치매|재활|파킨슨,GYEONGGI_PYEONGTAEK,True,25200
917,윤영희,Female,1979-08-06,9,물리치료사|작업치료사|간호사,당뇨|골다공증|파킨슨|재활|뇌졸중|식사보조,SEOUL_GWANGJIN,True,20900
918,정성호,Male,1955-11-28,3,요양보호사 1급,골다공증|와상환자|당뇨,SEOUL_JUNGNANG,True,16300
919,오승현,Male,1966-04-11,2,요양보호사 2급|물리치료사,인지장애|암,SEOUL_GEUMCHEON,False,18000
920,유경희,Female,1986-07-11,15,작업치료사|요양보호사 1급|요양보호사 2급|간호조무사,중풍|척추염|고혈압|뇌졸중|식사보조|와상환자,SEOUL_YEONGDEUNGPO,True,25600
921,백건우,Male,1981-12-02,7,간호사|물리치료사|작업치료사,호스피스|척추염|관절염|치매|와상환자,SEOUL_GWANGJIN,False,21400
922,송현정,Female,1971-07-20,14,재활치료사|간호조무사|요양보호사 1급|사회복지사 2급|간호사,치매|암|중풍|당뇨|골다공증|뇌졸중,SEOUL_GWANAK,True,25600
923,정영희,Female,1952-06-10,6,간호조무사|요양보호사 2급|간호사,관절염|뇌졸중|재활|중풍,SEOUL_GWANGJIN,True,18300
924,배수진,Female,1980-11-02,10,재활치료사|사회복지사 2급|요양보호사 1급|작업치료사,호스피스|파킨슨|당뇨|치매|척추염|고혈압,SEOUL_YANGCHEON,False,22100
925,양영자,Female,1975-12-03,15,사회복지사 2급|작업치료사|물리치료사|간호사,척추염|파킨슨|뇌졸중|중풍|치매|와상환자,SEOUL_NOWON,True,26600
926,남지현,Female,1965-01-16,11,간호조무사|요양보호사 2급|작업치료사|간호사,치매|당뇨|골다공증|파킨슨|고혈압|암,SEOUL_YANGCHEON,False,25000
927,심혜진,Female,1973-03-14,8,간호조무사|재활치료사|요양보호사 1급,당뇨|식사보조|관절염|중풍|호스피스,GYEONGGI_SUWON,True,23500
928,정경희,Female,1970-10-11,2,물리치료사|작업치료사,골다공증|관절염|와상환자,SEOUL_YONGSAN,False,18100
929,심정우,Male,1986-08-21,14,요양보호사 1급|재활치료사|물리치료사|사회복지사 2급,중풍|와상환자|당뇨|척추염|관절염|고혈압,SEOUL_GURO,True,28000
930,양현정,Female,1988-07-31,5,간호조무사|재활치료사,재활|골다공증|척추염,SEOUL_SEOCHO,True,18500
931,정순자,Female,1951-09-16,6,사회복지사 2급|요양보호사 2급|물리치료사,뇌졸중|골다공증|치매|당뇨|암,SEOUL_SEODAEMUN,False,18900
932,허준혁,Male,1984-09-15,7,사회복지사 2급|요양보호사 2급,암|골다공증|파킨슨|치매|척추염,SEOUL_MAPO,False,21200
933,신하나,Female,1970-03-04,6,작업치료사|요양보호사 2급,파킨슨|암|재활|와상환자|뇌졸중,SEOUL_DOBONG,True,19900
934,정시우,Male,1977-09-28,12,재활치료사|간호조무사|요양보호사 2급|작업치료사|간호사,치매|고혈압|인지장애|척추염|당뇨|관절염,SEOUL_SONGPA,True,23400
935,윤미선,Female,1957-04-27,13,요양보호사 2급|요양보호사 1급|간호조무사|사회복지사 2급|재활치료사,뇌졸중|재활|당뇨|호스피스|식사보조|척추염,SEOUL_JUNG,True,25500
936,유미영,Female,1989-10-21,12,물리치료사|재활치료사|간호사|요양보호사 1급|간호조무사,중풍|골다공증|와상환자|인지장애|척추염|관절염,SEOUL_GWANGJIN,True,26200
937,송준호,Male,1973-02-23,4,요양보호사 2급|간호조무사,관절염|식사보조|인지장애|와상환자,SEOUL_YEONGDEUNGPO,False,18200
938,백지영,Female,1968-01-07,5,간호사|간호조무사,호스피스|뇌졸중|식사보조|치매,GYEONGGI_SUWON,True,17700
939,홍영자,Female,1977-02-19,11,물리치료사|간호사|작업치료사|요양보호사 1급,와상환자|뇌졸중|중풍|암|식사보조|척추염,SEOUL_NOWON,False,22800
940,남도윤,Male,1966-09-04,15,물리치료사|요양보호사 2급|재활치료사|간호조무사,호스피스|인지장애|암|와상환자|파킨슨|관절염,SEOUL_SEOCHO,True,29300
941,윤용수,Male,1957-10-24,6,요양보호사 2급|작업치료사|재활치료사,인지장애|와상환자|관절염|치매,GYEONGGI_ANYANG,False,18500
942,안정호,Male,1969-11-10,9,사회복지사 2급|간호사|요양보호사 1급|작업치료사,식사보조|치매|당뇨|뇌졸중|암|중풍,SEOUL_GANGNAM,True,24300
943,윤경희,Female,1951-04-21,4,재활치료사|사회복지사 2급,뇌졸중|척추염|파킨슨|고혈압,SEOUL_GURO,True,20500
944,임순자,Female,1951-04-06,12,작업치료사|재활치료사|요양보호사 1급|물리치료사,뇌졸중|고혈압|파킨슨|인지장애|중풍|척추염,SEOUL_GANGDONG,True,25400
945,남태영,Male,1963-09-14,13,사회복지사 2급|간호조무사|요양보호사 2급|재활치료사,관절염|파킨슨|당뇨|와상환자|치매|고혈압,SEOUL_DOBONG,False,27800
946,안소영,Female,1987-07-29,13,물리치료사|요양보호사 2급|요양보호사 1급|재활치료사,파킨슨|재활|골다공증|고혈압|인지장애|호스피스,SEOUL_SEONGDONG,True,27700
947,양지영,Female,1984-12-31,3,요양보호사 1급,와상환자|고혈압|척추염,SEOUL_DONGJAK,False,17400
948,유시우,Male,1984-09-09,15,간호조무사|재활치료사|간호사|요양보호사 2급|작업치료사,식사보조|골다공증|치매|파킨슨|암|뇌졸중,SEOUL_DONGJAK,True,27900
949,문시우,Male,1954-12-13,10,재활치료사|요양보호사 1급|물리치료사|간호사,암|식사보조|척추염|파킨슨|골다공증|관절염,SEOUL_JUNGNANG,False,22900
950,장명희,Female,1965-11-06,10,사회복지사 2급|재활치료사|작업치료사|물리치료사,고혈압|암|호스피스|재활|관절염,SEOUL_EUNPYEONG,False,21600
951,권영호,Male,1967-01-28,7,요양보호사 1급|간호조무사|요양보호사 2급,척추염|치매|뇌졸중|고혈압,SEOUL_GWANGJIN,False,19700
952,문승현,Male,1973-09-09,14,요양보호사 1급|물리치료사|간호사|작업치료사,척추염|식사보조|호스피스|치매|당뇨|파킨슨,GYEONGGI_HWASEONG,True,25900
953,남시우,Male,1953-03-20,9,사회복지사 2급|요양보호사 1급|작업치료사,와상환자|고혈압|호스피스|식사보조|척추염|인지장애,SEOUL_GWANGJIN,False,23100
954,손철수,Male,1983-07-27,10,재활치료사|물리치료사|작업치료사,고혈압|파킨슨|재활|치매|관절염|척추염,SEOUL_MAPO,True,25200
955,황동현,Male,1951-07-24,4,물리치료사|간호조무사|간호사,재활|골다공증|치매,SEOUL_YANGCHEON,False,18300
956,강재호,Male,1961-03-29,2,재활치료사|요양보호사 2급,골다공증|고혈압|호스피스,GYEONGGI_GWANGMYEONG,True,15800
957,홍정호,Male,1972-06-29,13,재활치료사|간호사|요양보호사 1급|간호조무사|사회복지사 2급,파킨슨|고혈압|암|관절염|호스피스|당뇨,SEOUL_SEONGBUK,False,25400
958,박정숙,Female,1986-08-26,15,작업치료사|요양보호사 2급|요양보호사 1급|간호사|재활치료사,와상환자|중풍|고혈압|뇌졸중|식사보조|골다공증,INCHEON_NAMDONG,False,29400
959,문민준,Male,1952-10-05,8,작업치료사|재활치료사|간호사|간호조무사,뇌졸중|골다공증|재활|식사보조|암,SEOUL_SONGPA,True,20600
960,장수진,Female,1979-09-20,14,작업치료사|요양보호사 1급|물리치료사|간호사,암|재활|인지장애|골다공증|파킨슨|식사보조,SEOUL_GANGBUK,True,26000
961,유시우,Male,1958-10-29,12,요양보호사 2급|간호사|사회복지사 2급|요양보호사 1급|간호조무사,와상환자|호스피스|재활|파킨슨|중풍|암,SEOUL_SEOCHO,True,24300
962,양성민,Male,1963-01-20,3,요양보호사 2급,고혈압|인지장애|호스피스,SEOUL_EUNPYEONG,True,16200
963,한민재,Male,1964-06-24,6,간호조무사|사회복지사 2급|물리치료사,중풍|치매|암|관절염|고혈압,SEOUL_GANGDONG,True,19100
964,임동현,Male,1963-07-24,13,재활치료사|간호사|물리치료사|요양보호사 1급,관절염|재활|인지장애|당뇨|고혈압|파킨슨,SEOUL_JUNG,False,24700
965,서하나,Female,1978-02-21,6,사회복지사 2급|간호사,뇌졸중|재활|척추염|호스피스|암,SEOUL_NOWON,False,21900
966,강순자,Female,1960-12-08,6,재활치료사|요양보호사 2급|물리치료사,관절염|중풍|식사보조|와상환자,SEOUL_GANGDONG,True,19700
967,안정은,Female,1970-03-11,13,작업치료사|사회복지사 2급|요양보호사 2급|물리치료사|간호조무사,당뇨|식사보조|와상환자|재활|골다공증|관절염,SEOUL_JUNG,True,24400
968,임동현,Male,1989-04-13,15,요양보호사 2급|간호사|재활치료사|간호조무사|작업치료사,골다공증|인지장애|파킨슨|치매|당뇨|재활,SEOUL_YEONGDEUNGPO,False,27700
969,한미선,Female,1967-12-14,6,요양보호사 2급|요양보호사 1급|재활치료사,식사보조|치매|중풍|관절염,SEOUL_SEONGBUK,True,20400
970,이현정,Female,1978-02-05,8,작업치료사|물리치료사|요양보호사 1급|재활치료사,척추염|인지장애|파킨슨|호스피스,SEOUL_NOWON,False,22300
971,조영자,Female,1978-06-01,3,재활치료사,호스피스|척추염|식사보조,SEOUL_GURO,False,17200
972,손용수,Male,1969-09-19,12,요양보호사 1급|요양보호사 2급|물리치료사|간호사,암|뇌졸중|식사보조|당뇨|와상환자|인지장애,SEOUL_JONGNO,True,24100
973,남지훈,Male,1985-04-12,15,요양보호사 1급|간호조무사|간호사|재활치료사,암|중풍|와상환자|파킨슨|척추염|고혈압,SEOUL_JUNG,False,25800
974,고현우,Male,1983-01-17,15,사회복지사 2급|요양보호사 2급|간호조무사|간호사|요양보호사 1급,식사보조|당뇨|관절염|척추염|고혈압|인지장애,SEOUL_YONGSAN,False,27000
975,안정호,Male,1989-09-06,13,작업치료사|간호사|요양보호사 1급|재활치료사|사회복지사 2급,중풍|고혈압|식사보조|재활|치매|뇌졸중,GYEONGGI_GIMPO,False,27300
976,이순자,Female,1973-07-02,7,요양보호사 2급|사회복지사 2급,암|인지장애|와상환자|식사보조|고혈압,SEOUL_NOWON,False,19400
977,신영자,Female,1976-06-14,10,요양보호사 1급|요양보호사 2급|사회복지사 2급,치매|암|뇌졸중|파킨슨|고혈압,SEOUL_SEONGBUK,True,22400
978,배민재,Male,1956-12-14,7,간호사|물리치료사,고혈압|파킨슨|골다공증|암,SEOUL_GANGNAM,True,21900
979,장정희,Female,1973-03-26,10,요양보호사 2급|간호사|작업치료사|재활치료사,관절염|와상환자|파킨슨|뇌졸중|호스피스|인지장애,SEOUL_NOWON,True,23400
980,김동현,Male,1964-03-12,13,사회복지사 2급|물리치료사|재활치료사|작업치료사|간호조무사,와상환자|중풍|척추염|고혈압|암|파킨슨,SEOUL_GWANGJIN,True,25700
981,장미숙,Female,1978-10-04,2,간호조무사,고혈압|뇌졸중,SEOUL_YANGCHEON,True,16500
982,양소영,Female,1984-09-23,5,재활치료사|요양보호사 2급|요양보호사 1급,호스피스|암|인지장애|치매,SEOUL_GANGBUK,False,17700
983,손상철,Male,1972-07-01,15,물리치료사|요양보호사 1급|작업치료사|요양보호사 2급|재활치료사,관절염|파킨슨|치매|재활|골다공증|척추염,SEOUL_JONGNO,False,26100
984,임지영,Female,1979-10-23,9,간호조무사|사회복지사 2급|요양보호사 1급,관절염|척추염|재활|치매|와상환자,SEOUL_GANGDONG,False,21500
985,남용수,Male,1958-11-25,13,재활치료사|작업치료사|간호사|요양보호사 2급|요양보호사 1급,호스피스|치매|척추염|재활|당뇨|중풍,SEOUL_GWANGJIN,True,25500
986,백도윤,Male,1954-10-30,13,작업치료사|사회복지사 2급|간호사|물리치료사,치매|골다공증|인지장애|파킨슨|중풍|뇌졸중,SEOUL_SEODAEMUN,True,25300
987,허상철,Male,1974-05-05,5,재활치료사|요양보호사 2급,인지장애|골다공증|중풍,SEOUL_DONGJAK,True,19700
988,장명희,Female,1973-05-16,10,재활치료사|요양보호사 1급|물리치료사,관절염|호스피스|인지장애|파킨슨|치매,SEOUL_GEUMCHEON,True,23400
989,손보람,Female,1989-01-20,10,간호조무사|재활치료사|요양보호사 2급,골다공증|재활|암|인지장애|뇌졸중,SEOUL_SEODAEMUN,True,25400
990,신정숙,Female,1980-09-10,4,간호사|작업치료사,당뇨|인지장애|중풍|뇌졸중,SEOUL_GANGBUK,False,18600
991,심승현,Male,1954-12-06,11,요양보호사 2급|사회복지사 2급|요양보호사 1급|재활치료사,인지장애|재활|식사보조|골다공증|당뇨,INCHEON_YEONSU,True,26200
992,장명희,Female,1973-05-09,13,물리치료사|사회복지사 2급|재활치료사|간호사|작업치료사,중풍|파킨슨|고혈압|치매|와상환자|관절염,SEOUL_YONGSAN,False,26100
993,서도윤,Male,1982-08-13,6,재활치료사|간호조무사,인지장애|고혈압|암|치매,SEOUL_GURO,True,18500
994,박미숙,Female,1963-05-08,13,간호조무사|요양보호사 1급|요양보호사 2급|물리치료사,당뇨|암|고혈압|뇌졸중|와상환자|치매,SEOUL_JONGNO,True,24600
995,최서연,Female,1982-10-26,6,간호사|요양보호사 2급,와상환자|골다공증|고혈압|파킨슨|중풍,SEOUL_SEODAEMUN,True,20700
996,허정호,Male,1959-06-15,9,요양보호사 2급|사회복지사 2급|요양보호사 1급|작업치료사,고혈압|재활|호스피스|와상환자|식사보조,SEOUL_SEODAEMUN,True,21300
997,허도윤,Male,1980-01-20,7,재활치료사|간호조무사|사회복지사 2급,치매|골다공증|척추염|재활,SEOUL_SEOCHO,False,22400
998,고현정,Female,1982-03-19,2,요양보호사 2급,인지장애|식사보조|재활,SEOUL_GEUMCHEON,False,17400
999,한상철,Male,1985-05-21,11,요양보호사 2급|간호조무사|재활치료사,호스피스|중풍|암|고혈압|와상환자|치매,SEOUL_GANGSEO,False,24100
1000,안영자,Female,1967-07-16,11,간호조무사|재활치료사|작업치료사,호스피스|뇌졸중|와상환자|관절염|인지장애,SEOUL_JUNG,True,25100
