review_id,matching_id,reviewer_id,reviewer_type,rating,comment,created_at
1,3,1,guardian,3,무난했습니다.,2025-11-18
2,8,2,guardian,3,보통이었습니다.,2026-01-08
3,10,2,guardian,3,무난했습니다.,2025-06-07
4,13,3,guardian,3,보통이었습니다.,2025-07-27
5,26,5,guardian,2,아쉬운 점이 있었습니다.,2025-12-24
6,36,6,guardian,2,기대에 미치지 못했습니다.,2025-03-01
7,39,7,guardian,3,무난했습니다.,2025-04-01
8,44,8,guardian,2,기대에 미치지 못했습니다.,2025-06-12
9,48,8,guardian,4,좋은 서비스였습니다.,2025-12-26
10,52,9,guardian,2,소통이 어려웠습니다.,2025-07-04
11,53,9,guardian,3,보통이었습니다.,2025-11-05
12,54,9,guardian,3,보통이었습니다.,2025-03-16
13,55,9,guardian,4,성실하게 케어해 주셨습니다.,2025-09-09
14,56,9,guardian,2,소통이 어려웠습니다.,2025-12-10
15,63,11,guardian,3,무난했습니다.,2026-02-19
16,68,12,guardian,2,아쉬운 점이 있었습니다.,2025-06-06
17,71,12,guardian,2,아쉬운 점이 있었습니다.,2025-05-10
18,74,13,guardian,2,아쉬운 점이 있었습니다.,2025-08-28
19,75,13,guardian,2,소통이 어려웠습니다.,2025-07-17
20,76,13,guardian,2,소통이 어려웠습니다.,2025-11-05
21,77,13,guardian,3,보통이었습니다.,2025-09-03
22,81,14,guardian,2,기대에 미치지 못했습니다.,2026-02-06
23,87,15,guardian,1,다른 간병인을 추천받고 싶습니다.,2026-01-08
24,89,16,guardian,2,아쉬운 점이 있었습니다.,2026-01-02
25,92,16,guardian,2,아쉬운 점이 있었습니다.,2025-07-24
26,93,16,guardian,3,보통이었습니다.,2025-08-26
27,95,17,guardian,2,소통이 어려웠습니다.,2025-11-20
28,102,18,guardian,3,무난했습니다.,2025-09-06
29,105,19,guardian,3,보통이었습니다.,2025-07-02
30,108,19,guardian,3,개선이 필요한 부분이 있습니다.,2025-09-23
31,114,21,guardian,2,기대에 미치지 못했습니다.,2025-08-22
32,116,21,guardian,3,개선이 필요한 부분이 있습니다.,2025-03-16
33,117,21,guardian,1,개선이 많이 필요합니다.,2025-09-02
34,119,22,guardian,2,소통이 어려웠습니다.,2025-07-18
35,121,22,guardian,3,개선이 필요한 부분이 있습니다.,2025-05-14
36,122,22,guardian,3,무난했습니다.,2025-09-11
37,127,23,guardian,2,소통이 어려웠습니다.,2025-12-05
38,128,23,guardian,3,개선이 필요한 부분이 있습니다.,2025-10-22
39,138,25,guardian,1,다른 간병인을 추천받고 싶습니다.,2025-11-23
40,151,27,guardian,3,무난했습니다.,2025-12-24
41,157,28,guardian,3,보통이었습니다.,2025-11-25
42,158,28,guardian,2,아쉬운 점이 있었습니다.,2025-11-17
43,160,28,guardian,2,소통이 어려웠습니다.,2025-05-14
44,163,29,guardian,3,개선이 필요한 부분이 있습니다.,2025-05-15
45,166,29,guardian,3,개선이 필요한 부분이 있습니다.,2025-05-02
46,171,31,guardian,3,무난했습니다.,2025-08-22
47,184,33,guardian,3,개선이 필요한 부분이 있습니다.,2025-11-21
48,187,33,guardian,2,아쉬운 점이 있었습니다.,2025-05-07
49,192,34,guardian,3,개선이 필요한 부분이 있습니다.,2025-05-23
50,197,35,guardian,2,기대에 미치지 못했습니다.,2025-03-09
51,198,35,guardian,2,기대에 미치지 못했습니다.,2025-09-30
52,199,35,guardian,3,보통이었습니다.,2025-12-03
53,200,35,guardian,3,보통이었습니다.,2025-03-22
54,201,35,guardian,4,좋은 서비스였습니다.,2025-12-07
55,204,36,guardian,2,소통이 어려웠습니다.,2025-06-04
56,208,36,guardian,3,개선이 필요한 부분이 있습니다.,2025-06-28
57,212,37,guardian,3,무난했습니다.,2025-07-05
58,215,37,guardian,2,기대에 미치지 못했습니다.,2025-05-11
59,218,38,guardian,2,기대에 미치지 못했습니다.,2025-10-20
60,219,38,guardian,2,기대에 미치지 못했습니다.,2025-08-30
61,220,38,guardian,2,기대에 미치지 못했습니다.,2026-01-28
62,229,39,guardian,3,개선이 필요한 부분이 있습니다.,2025-07-12
63,231,40,guardian,2,아쉬운 점이 있었습니다.,2025-07-04
64,236,40,guardian,3,개선이 필요한 부분이 있습니다.,2025-10-12
65,239,41,guardian,3,개선이 필요한 부분이 있습니다.,2025-10-06
66,250,43,guardian,2,기대에 미치지 못했습니다.,2025-06-20
67,253,43,guardian,3,무난했습니다.,2025-07-12
68,258,44,guardian,2,소통이 어려웠습니다.,2025-10-09
69,265,45,guardian,3,개선이 필요한 부분이 있습니다.,2025-09-27
70,266,45,guardian,2,기대에 미치지 못했습니다.,2025-12-26
71,268,45,guardian,2,소통이 어려웠습니다.,2025-07-21
72,271,46,guardian,3,개선이 필요한 부분이 있습니다.,2025-08-23
73,272,46,guardian,1,다른 간병인을 추천받고 싶습니다.,2026-01-07
74,273,46,guardian,2,아쉬운 점이 있었습니다.,2025-06-21
75,277,47,guardian,2,소통이 어려웠습니다.,2025-07-20
76,279,47,guardian,1,불만족스러웠습니다.,2025-04-16
77,280,47,guardian,2,아쉬운 점이 있었습니다.,2025-06-23
78,281,47,guardian,3,개선이 필요한 부분이 있습니다.,2026-01-09
79,293,49,guardian,2,소통이 어려웠습니다.,2025-12-05
80,297,50,guardian,2,기대에 미치지 못했습니다.,2025-08-26
81,299,50,guardian,4,전반적으로 만족합니다.,2025-11-06
82,305,51,guardian,3,개선이 필요한 부분이 있습니다.,2026-02-25
83,309,51,guardian,1,불만족스러웠습니다.,2025-05-12
84,315,52,guardian,3,무난했습니다.,2025-11-18
85,316,52,guardian,3,무난했습니다.,2025-05-16
86,322,53,guardian,1,개선이 많이 필요합니다.,2025-07-23
87,326,54,guardian,3,보통이었습니다.,2025-06-26
88,332,55,guardian,2,기대에 미치지 못했습니다.,2025-03-02
89,337,56,guardian,3,개선이 필요한 부분이 있습니다.,2025-03-26
90,338,56,guardian,3,개선이 필요한 부분이 있습니다.,2025-08-07
91,347,58,guardian,3,무난했습니다.,2025-10-20
92,352,59,guardian,2,소통이 어려웠습니다.,2025-12-06
93,353,59,guardian,4,성실하게 케어해 주셨습니다.,2026-01-02
94,356,60,guardian,2,소통이 어려웠습니다.,2025-03-25
95,359,60,guardian,3,무난했습니다.,2026-01-22
96,362,60,guardian,3,개선이 필요한 부분이 있습니다.,2025-08-22
97,374,62,guardian,4,성실하게 케어해 주셨습니다.,2025-07-21
98,377,63,guardian,1,불만족스러웠습니다.,2025-10-31
99,379,63,guardian,1,다른 간병인을 추천받고 싶습니다.,2026-01-26
100,382,64,guardian,3,보통이었습니다.,2025-05-14
101,383,64,guardian,3,개선이 필요한 부분이 있습니다.,2025-07-12
102,384,64,guardian,2,기대에 미치지 못했습니다.,2025-06-04
103,385,64,guardian,3,보통이었습니다.,2025-09-19
104,386,64,guardian,2,아쉬운 점이 있었습니다.,2025-04-18
105,389,65,guardian,3,무난했습니다.,2025-09-01
106,390,65,guardian,2,기대에 미치지 못했습니다.,2025-08-25
107,394,66,guardian,2,기대에 미치지 못했습니다.,2025-04-01
108,397,66,guardian,3,개선이 필요한 부분이 있습니다.,2025-09-13
109,399,67,guardian,1,개선이 많이 필요합니다.,2025-09-21
110,400,67,guardian,2,기대에 미치지 못했습니다.,2025-08-21
111,404,68,guardian,2,아쉬운 점이 있었습니다.,2025-06-04
112,406,68,guardian,2,기대에 미치지 못했습니다.,2025-11-30
113,415,70,guardian,3,보통이었습니다.,2025-02-20
114,419,70,guardian,3,개선이 필요한 부분이 있습니다.,2025-11-05
115,420,70,guardian,2,소통이 어려웠습니다.,2025-02-26
116,421,71,guardian,3,보통이었습니다.,2025-12-03
117,422,71,guardian,3,무난했습니다.,2025-08-30
118,428,72,guardian,3,개선이 필요한 부분이 있습니다.,2025-06-13
119,432,72,guardian,2,소통이 어려웠습니다.,2025-10-14
120,436,73,guardian,3,개선이 필요한 부분이 있습니다.,2025-11-18
121,438,73,guardian,2,아쉬운 점이 있었습니다.,2025-12-09
122,439,73,guardian,2,아쉬운 점이 있었습니다.,2025-09-21
123,445,74,guardian,2,소통이 어려웠습니다.,2025-05-09
124,448,74,guardian,2,기대에 미치지 못했습니다.,2025-07-05
125,451,75,guardian,2,소통이 어려웠습니다.,2025-08-09
126,462,77,guardian,3,무난했습니다.,2025-06-19
127,463,77,guardian,2,아쉬운 점이 있었습니다.,2025-04-23
128,468,78,guardian,3,개선이 필요한 부분이 있습니다.,2025-07-29
129,474,79,guardian,3,보통이었습니다.,2025-07-11
130,475,79,guardian,4,성실하게 케어해 주셨습니다.,2025-08-20
131,481,80,guardian,3,보통이었습니다.,2026-01-24
132,490,82,guardian,3,무난했습니다.,2025-09-03
133,504,84,guardian,2,기대에 미치지 못했습니다.,2025-11-14
134,508,85,guardian,1,불만족스러웠습니다.,2025-07-02
135,510,85,guardian,2,아쉬운 점이 있었습니다.,2025-10-24
136,514,86,guardian,2,기대에 미치지 못했습니다.,2025-10-15
137,518,87,guardian,2,아쉬운 점이 있었습니다.,2025-04-17
138,524,88,guardian,3,개선이 필요한 부분이 있습니다.,2026-01-09
139,525,88,guardian,3,개선이 필요한 부분이 있습니다.,2026-01-11
140,530,89,guardian,2,소통이 어려웠습니다.,2025-06-23
141,531,89,guardian,2,소통이 어려웠습니다.,2026-01-13
142,534,90,guardian,3,무난했습니다.,2025-10-05
143,535,90,guardian,2,아쉬운 점이 있었습니다.,2025-08-08
144,537,90,guardian,3,보통이었습니다.,2025-07-16
145,542,91,guardian,4,좋은 서비스였습니다.,2025-05-08
146,545,91,guardian,3,무난했습니다.,2025-08-18
147,548,91,guardian,2,기대에 미치지 못했습니다.,2025-11-20
148,550,92,guardian,3,개선이 필요한 부분이 있습니다.,2025-04-11
149,552,92,guardian,2,기대에 미치지 못했습니다.,2025-08-29
150,555,92,guardian,3,무난했습니다.,2025-10-06
151,559,93,guardian,2,아쉬운 점이 있었습니다.,2025-11-23
152,561,93,guardian,3,개선이 필요한 부분이 있습니다.,2025-03-08
153,569,94,guardian,3,개선이 필요한 부분이 있습니다.,2025-08-14
154,572,95,guardian,3,보통이었습니다.,2025-02-15
155,575,95,guardian,2,기대에 미치지 못했습니다.,2025-08-13
156,576,95,guardian,3,개선이 필요한 부분이 있습니다.,2025-10-18
157,578,96,guardian,3,개선이 필요한 부분이 있습니다.,2025-06-29
158,595,98,guardian,3,무난했습니다.,2025-07-18
159,612,101,guardian,2,소통이 어려웠습니다.,2025-04-22
160,613,101,guardian,3,무난했습니다.,2025-12-04
161,615,102,guardian,2,소통이 어려웠습니다.,2025-06-20
162,619,102,guardian,2,소통이 어려웠습니다.,2026-03-22
163,620,102,guardian,2,아쉬운 점이 있었습니다.,2025-12-06
164,628,103,guardian,2,아쉬운 점이 있었습니다.,2025-05-15
165,631,104,guardian,3,개선이 필요한 부분이 있습니다.,2025-11-26
166,632,104,guardian,1,불만족스러웠습니다.,2025-08-20
167,646,107,guardian,3,개선이 필요한 부분이 있습니다.,2025-06-12
168,648,107,guardian,4,좋은 서비스였습니다.,2025-11-13
169,649,107,guardian,2,기대에 미치지 못했습니다.,2025-11-23
170,654,108,guardian,3,무난했습니다.,2025-09-16
171,672,111,guardian,2,기대에 미치지 못했습니다.,2025-12-19
172,680,113,guardian,4,전반적으로 만족합니다.,2025-07-24
173,681,113,guardian,3,무난했습니다.,2025-04-06
174,684,114,guardian,3,보통이었습니다.,2025-06-11
175,689,114,guardian,2,기대에 미치지 못했습니다.,2025-10-25
176,708,117,guardian,2,아쉬운 점이 있었습니다.,2025-07-12
177,711,117,guardian,2,소통이 어려웠습니다.,2025-03-12
178,716,118,guardian,4,전반적으로 만족합니다.,2025-03-28
179,717,118,guardian,3,개선이 필요한 부분이 있습니다.,2026-02-19
180,720,119,guardian,3,보통이었습니다.,2025-05-09
181,724,120,guardian,2,기대에 미치지 못했습니다.,2025-11-26
182,725,120,guardian,4,좋은 서비스였습니다.,2025-11-26
183,726,120,guardian,3,무난했습니다.,2025-09-15
184,728,121,guardian,2,소통이 어려웠습니다.,2025-10-11
185,732,122,guardian,2,기대에 미치지 못했습니다.,2025-07-20
186,736,122,guardian,3,개선이 필요한 부분이 있습니다.,2026-01-17
187,738,122,guardian,2,기대에 미치지 못했습니다.,2026-02-05
188,743,123,guardian,2,아쉬운 점이 있었습니다.,2025-07-12
189,746,123,guardian,2,기대에 미치지 못했습니다.,2025-07-23
190,749,124,guardian,3,무난했습니다.,2026-01-03
191,750,124,guardian,3,무난했습니다.,2025-02-26
192,752,125,guardian,3,무난했습니다.,2025-07-21
193,753,125,guardian,3,무난했습니다.,2025-10-02
194,756,125,guardian,3,개선이 필요한 부분이 있습니다.,2025-08-11
195,757,125,guardian,3,무난했습니다.,2025-06-04
196,759,126,guardian,2,아쉬운 점이 있었습니다.,2025-10-26
197,760,126,guardian,3,개선이 필요한 부분이 있습니다.,2025-08-01
198,764,126,guardian,3,개선이 필요한 부분이 있습니다.,2025-08-29
199,767,127,guardian,2,기대에 미치지 못했습니다.,2025-04-18
200,768,127,guardian,1,개선이 많이 필요합니다.,2025-08-01
201,770,127,guardian,3,무난했습니다.,2025-12-27
202,772,127,guardian,1,다른 간병인을 추천받고 싶습니다.,2025-12-09
203,775,128,guardian,3,무난했습니다.,2025-08-09
204,778,129,guardian,1,불만족스러웠습니다.,2025-04-03
205,779,129,guardian,2,소통이 어려웠습니다.,2025-08-22
206,792,131,guardian,4,성실하게 케어해 주셨습니다.,2025-10-02
207,796,132,guardian,2,소통이 어려웠습니다.,2025-10-30
208,797,132,guardian,3,무난했습니다.,2025-03-29
209,801,132,guardian,2,소통이 어려웠습니다.,2025-08-01
210,806,133,guardian,2,기대에 미치지 못했습니다.,2025-09-26
211,812,134,guardian,3,무난했습니다.,2025-04-08
212,815,134,guardian,1,다른 간병인을 추천받고 싶습니다.,2025-06-05
213,821,135,guardian,2,아쉬운 점이 있었습니다.,2025-09-04
214,825,136,guardian,4,좋은 서비스였습니다.,2025-07-16
215,829,137,guardian,3,보통이었습니다.,2025-08-10
216,852,141,guardian,2,기대에 미치지 못했습니다.,2026-01-21
217,854,142,guardian,3,개선이 필요한 부분이 있습니다.,2025-07-26
218,861,143,guardian,2,아쉬운 점이 있었습니다.,2025-09-17
219,869,144,guardian,2,기대에 미치지 못했습니다.,2025-05-23
220,877,146,guardian,3,보통이었습니다.,2025-11-14
221,885,147,guardian,3,보통이었습니다.,2026-02-17
222,891,148,guardian,3,보통이었습니다.,2025-08-10
223,892,148,guardian,2,아쉬운 점이 있었습니다.,2025-04-27
224,893,149,guardian,2,기대에 미치지 못했습니다.,2025-09-04
225,895,149,guardian,3,보통이었습니다.,2025-10-07
226,898,150,guardian,2,소통이 어려웠습니다.,2025-07-21
227,906,151,guardian,3,개선이 필요한 부분이 있습니다.,2026-01-23
228,907,152,guardian,2,아쉬운 점이 있었습니다.,2025-07-29
229,911,153,guardian,4,좋은 서비스였습니다.,2025-01-31
230,919,154,guardian,4,전반적으로 만족합니다.,2026-01-17
231,921,154,guardian,4,성실하게 케어해 주셨습니다.,2025-08-02
232,923,155,guardian,2,기대에 미치지 못했습니다.,2025-09-17
233,924,155,guardian,1,불만족스러웠습니다.,2025-08-12
234,929,156,guardian,3,개선이 필요한 부분이 있습니다.,2025-05-10
235,932,156,guardian,1,개선이 많이 필요합니다.,2026-03-24
236,943,157,guardian,3,개선이 필요한 부분이 있습니다.,2025-11-05
237,944,158,guardian,3,무난했습니다.,2025-09-11
238,948,159,guardian,2,아쉬운 점이 있었습니다.,2025-03-03
239,949,159,guardian,2,아쉬운 점이 있었습니다.,2025-12-26
240,952,159,guardian,2,소통이 어려웠습니다.,2025-11-03
241,960,161,guardian,3,개선이 필요한 부분이 있습니다.,2025-02-08
242,967,162,guardian,4,좋은 서비스였습니다.,2025-05-30
243,973,163,guardian,2,기대에 미치지 못했습니다.,2025-08-15
244,982,164,guardian,2,소통이 어려웠습니다.,2025-12-11
245,985,165,guardian,3,무난했습니다.,2025-02-12
246,990,165,guardian,1,개선이 많이 필요합니다.,2025-09-27
247,991,165,guardian,3,보통이었습니다.,2025-04-05
248,992,166,guardian,3,무난했습니다.,2025-03-13
249,1003,168,guardian,2,소통이 어려웠습니다.,2026-02-01
250,1004,168,guardian,3,개선이 필요한 부분이 있습니다.,2025-08-22
251,1005,168,guardian,3,개선이 필요한 부분이 있습니다.,2025-06-30
252,1006,169,guardian,3,보통이었습니다.,2025-02-10
253,1008,169,guardian,2,아쉬운 점이 있었습니다.,2026-03-27
254,1013,170,guardian,2,기대에 미치지 못했습니다.,2025-07-24
255,1015,170,guardian,2,아쉬운 점이 있었습니다.,2025-04-13
256,1016,170,guardian,3,개선이 필요한 부분이 있습니다.,2026-01-15
257,1019,170,guardian,3,보통이었습니다.,2025-09-03
258,1023,171,guardian,3,보통이었습니다.,2026-02-28
259,1027,172,guardian,2,아쉬운 점이 있었습니다.,2025-09-18
260,1028,172,guardian,3,무난했습니다.,2025-11-16
261,1030,173,guardian,2,아쉬운 점이 있었습니다.,2025-03-20
262,1036,174,guardian,3,무난했습니다.,2025-03-01
263,1038,174,guardian,3,보통이었습니다.,2025-04-26
264,1042,175,guardian,2,아쉬운 점이 있었습니다.,2025-04-28
265,1044,175,guardian,3,개선이 필요한 부분이 있습니다.,2026-03-20
266,1045,176,guardian,2,기대에 미치지 못했습니다.,2026-01-24
267,1049,176,guardian,2,아쉬운 점이 있었습니다.,2025-06-18
268,1051,176,guardian,2,아쉬운 점이 있었습니다.,2025-12-27
269,1054,177,guardian,3,무난했습니다.,2025-11-17
270,1057,177,guardian,2,아쉬운 점이 있었습니다.,2025-11-30
271,1061,178,guardian,3,개선이 필요한 부분이 있습니다.,2025-11-08
272,1063,179,guardian,2,아쉬운 점이 있었습니다.,2025-07-09
273,1066,179,guardian,2,기대에 미치지 못했습니다.,2026-02-09
274,1080,181,guardian,3,보통이었습니다.,2025-04-24
275,1081,182,guardian,1,개선이 많이 필요합니다.,2026-01-29
276,1084,182,guardian,2,아쉬운 점이 있었습니다.,2026-01-01
277,1087,183,guardian,4,좋은 서비스였습니다.,2025-07-07
278,1092,184,guardian,3,보통이었습니다.,2025-10-16
279,1099,185,guardian,2,기대에 미치지 못했습니다.,2025-10-05
280,1103,185,guardian,3,무난했습니다.,2026-02-15
281,1108,186,guardian,3,보통이었습니다.,2025-08-30
282,1111,186,guardian,2,소통이 어려웠습니다.,2025-08-14
283,1118,188,guardian,2,소통이 어려웠습니다.,2025-06-03
284,1121,188,guardian,2,소통이 어려웠습니다.,2025-11-02
285,1123,189,guardian,1,불만족스러웠습니다.,2025-12-10
286,1124,189,guardian,2,아쉬운 점이 있었습니다.,2025-08-17
287,1131,190,guardian,2,아쉬운 점이 있었습니다.,2025-05-04
288,1135,191,guardian,3,보통이었습니다.,2026-02-03
289,1137,191,guardian,2,아쉬운 점이 있었습니다.,2025-12-16
290,1141,192,guardian,1,다른 간병인을 추천받고 싶습니다.,2025-04-10
291,1144,192,guardian,3,보통이었습니다.,2025-05-15
292,1146,192,guardian,3,보통이었습니다.,2025-05-10
293,1147,192,guardian,2,기대에 미치지 못했습니다.,2025-09-23
294,1149,193,guardian,2,기대에 미치지 못했습니다.,2025-07-14
295,1150,193,guardian,2,아쉬운 점이 있었습니다.,2025-09-28
296,1151,193,guardian,1,개선이 많이 필요합니다.,2025-10-24
297,1152,193,guardian,2,아쉬운 점이 있었습니다.,2025-06-17
298,1156,194,guardian,3,보통이었습니다.,2025-11-18
299,1158,194,guardian,3,보통이었습니다.,2025-12-05
300,1159,194,guardian,2,기대에 미치지 못했습니다.,2025-06-04
301,1161,195,guardian,2,아쉬운 점이 있었습니다.,2025-03-25
302,1164,195,guardian,2,아쉬운 점이 있었습니다.,2025-11-23
303,1166,195,guardian,3,개선이 필요한 부분이 있습니다.,2026-01-10
304,1167,195,guardian,2,소통이 어려웠습니다.,2025-06-15
305,1173,196,guardian,3,개선이 필요한 부분이 있습니다.,2025-08-06
306,1177,197,guardian,2,기대에 미치지 못했습니다.,2025-08-03
307,1179,197,guardian,2,기대에 미치지 못했습니다.,2025-12-16
308,1180,197,guardian,4,성실하게 케어해 주셨습니다.,2025-08-01
309,1183,198,guardian,3,무난했습니다.,2025-12-15
310,1190,198,guardian,2,아쉬운 점이 있었습니다.,2025-11-06
311,1194,199,guardian,3,개선이 필요한 부분이 있습니다.,2025-07-09
312,1196,199,guardian,3,무난했습니다.,2026-01-25
313,1199,200,guardian,2,소통이 어려웠습니다.,2025-09-29
314,1201,200,guardian,2,아쉬운 점이 있었습니다.,2025-03-01
315,1206,201,guardian,3,개선이 필요한 부분이 있습니다.,2025-03-14
316,1214,202,guardian,3,보통이었습니다.,2025-04-05
317,1215,202,guardian,2,소통이 어려웠습니다.,2025-05-06
318,1218,203,guardian,3,개선이 필요한 부분이 있습니다.,2025-08-06
319,1224,204,guardian,3,개선이 필요한 부분이 있습니다.,2025-12-27
320,1226,204,guardian,3,개선이 필요한 부분이 있습니다.,2026-02-22
321,1231,205,guardian,2,소통이 어려웠습니다.,2026-01-31
322,1237,206,guardian,1,개선이 많이 필요합니다.,2025-08-29
323,1241,206,guardian,3,무난했습니다.,2025-06-14
324,1242,207,guardian,2,아쉬운 점이 있었습니다.,2025-09-13
325,1243,207,guardian,2,아쉬운 점이 있었습니다.,2025-04-15
326,1244,207,guardian,3,개선이 필요한 부분이 있습니다.,2025-05-28
327,1245,207,guardian,2,기대에 미치지 못했습니다.,2025-03-30
328,1246,207,guardian,3,무난했습니다.,2025-09-30
329,1251,208,guardian,2,아쉬운 점이 있었습니다.,2025-05-01
330,1255,208,guardian,3,보통이었습니다.,2025-10-25
331,1262,210,guardian,2,기대에 미치지 못했습니다.,2025-12-04
332,1271,211,guardian,3,무난했습니다.,2025-07-21
333,1272,211,guardian,3,무난했습니다.,2025-12-10
334,1273,211,guardian,3,무난했습니다.,2025-10-06
335,1282,213,guardian,3,보통이었습니다.,2025-08-03
336,1286,214,guardian,4,좋은 서비스였습니다.,2026-01-27
337,1294,215,guardian,2,기대에 미치지 못했습니다.,2026-02-10
338,1295,215,guardian,3,무난했습니다.,2025-10-02
339,1300,216,guardian,3,무난했습니다.,2025-04-12
340,1302,217,guardian,3,보통이었습니다.,2025-12-27
341,1305,217,guardian,2,소통이 어려웠습니다.,2025-02-28
342,1306,217,guardian,2,기대에 미치지 못했습니다.,2026-01-10
343,1307,218,guardian,3,개선이 필요한 부분이 있습니다.,2025-01-23
344,1308,218,guardian,2,기대에 미치지 못했습니다.,2025-07-26
345,1310,218,guardian,3,무난했습니다.,2025-05-14
346,1312,219,guardian,3,보통이었습니다.,2025-07-14
347,1314,219,guardian,2,기대에 미치지 못했습니다.,2025-09-11
348,1318,220,guardian,2,소통이 어려웠습니다.,2025-07-31
349,1323,221,guardian,3,보통이었습니다.,2026-02-12
350,1328,222,guardian,2,기대에 미치지 못했습니다.,2025-12-06
351,1329,222,guardian,3,무난했습니다.,2025-06-25
352,1332,222,guardian,2,기대에 미치지 못했습니다.,2025-04-14
353,1336,223,guardian,4,좋은 서비스였습니다.,2025-09-14
354,1343,224,guardian,2,기대에 미치지 못했습니다.,2026-02-23
355,1344,224,guardian,2,아쉬운 점이 있었습니다.,2025-10-27
356,1345,224,guardian,2,아쉬운 점이 있었습니다.,2025-11-03
357,1351,225,guardian,2,소통이 어려웠습니다.,2026-03-14
358,1354,226,guardian,1,불만족스러웠습니다.,2025-10-17
359,1356,226,guardian,3,개선이 필요한 부분이 있습니다.,2026-01-03
360,1363,228,guardian,2,아쉬운 점이 있었습니다.,2025-06-25
361,1365,228,guardian,3,개선이 필요한 부분이 있습니다.,2025-09-04
362,1367,228,guardian,2,아쉬운 점이 있었습니다.,2025-09-10
363,1373,230,guardian,3,보통이었습니다.,2025-04-25
364,1376,230,guardian,2,아쉬운 점이 있었습니다.,2026-04-02
365,1385,231,guardian,3,무난했습니다.,2025-07-25
366,1387,231,guardian,3,보통이었습니다.,2025-04-19
367,1396,233,guardian,3,개선이 필요한 부분이 있습니다.,2025-10-23
368,1400,233,guardian,3,개선이 필요한 부분이 있습니다.,2025-10-12
369,1404,234,guardian,4,성실하게 케어해 주셨습니다.,2025-03-11
370,1407,234,guardian,3,무난했습니다.,2025-09-06
371,1408,235,guardian,3,보통이었습니다.,2025-12-10
372,1410,235,guardian,2,아쉬운 점이 있었습니다.,2025-08-29
373,1420,236,guardian,3,개선이 필요한 부분이 있습니다.,2025-08-23
374,1430,239,guardian,3,무난했습니다.,2026-03-10
375,1432,239,guardian,3,무난했습니다.,2025-08-21
376,1438,240,guardian,3,보통이었습니다.,2026-02-04
377,1445,241,guardian,3,무난했습니다.,2025-08-18
378,1448,241,guardian,3,무난했습니다.,2026-01-19
379,1453,242,guardian,2,기대에 미치지 못했습니다.,2025-08-21
380,1460,243,guardian,3,무난했습니다.,2025-04-30
381,1464,244,guardian,3,무난했습니다.,2026-02-10
382,1469,244,guardian,2,소통이 어려웠습니다.,2025-11-18
383,1470,245,guardian,3,개선이 필요한 부분이 있습니다.,2026-03-18
384,1472,245,guardian,3,무난했습니다.,2025-06-25
385,1473,245,guardian,2,아쉬운 점이 있었습니다.,2025-08-30
386,1477,246,guardian,3,보통이었습니다.,2025-05-26
387,1478,246,guardian,3,개선이 필요한 부분이 있습니다.,2026-04-05
388,1479,246,guardian,2,아쉬운 점이 있었습니다.,2025-11-27
389,1481,247,guardian,1,다른 간병인을 추천받고 싶습니다.,2025-12-08
390,1496,249,guardian,3,무난했습니다.,2025-01-07
391,1500,249,guardian,3,무난했습니다.,2026-01-10
392,1510,251,guardian,3,무난했습니다.,2026-01-24
393,1511,251,guardian,3,보통이었습니다.,2025-07-13
394,1512,251,guardian,3,개선이 필요한 부분이 있습니다.,2025-04-29
395,1517,252,guardian,3,보통이었습니다.,2025-06-26
396,1518,252,guardian,3,개선이 필요한 부분이 있습니다.,2025-10-31
397,1520,253,guardian,3,개선이 필요한 부분이 있습니다.,2025-06-23
398,1529,254,guardian,1,다른 간병인을 추천받고 싶습니다.,2026-01-04
399,1533,255,guardian,1,다른 간병인을 추천받고 싶습니다.,2025-06-30
400,1541,256,guardian,3,개선이 필요한 부분이 있습니다.,2025-08-27
401,1547,257,guardian,3,개선이 필요한 부분이 있습니다.,2025-12-08
402,1553,258,guardian,2,기대에 미치지 못했습니다.,2025-06-12
403,1554,258,guardian,3,개선이 필요한 부분이 있습니다.,2025-07-29
404,1559,259,guardian,2,소통이 어려웠습니다.,2025-05-22
405,1560,259,guardian,3,개선이 필요한 부분이 있습니다.,2026-01-24
406,1563,260,guardian,2,소통이 어려웠습니다.,2025-12-19
407,1565,260,guardian,2,기대에 미치지 못했습니다.,2025-03-20
408,1573,261,guardian,3,보통이었습니다.,2025-07-17
409,1574,262,guardian,1,다른 간병인을 추천받고 싶습니다.,2025-08-20
410,1587,263,guardian,3,보통이었습니다.,2025-10-03
411,1590,264,guardian,3,개선이 필요한 부분이 있습니다.,2025-02-07
412,1595,265,guardian,4,좋은 서비스였습니다.,2025-05-31
413,1600,265,guardian,3,개선이 필요한 부분이 있습니다.,2025-06-10
414,1608,267,guardian,2,아쉬운 점이 있었습니다.,2025-04-13
415,1611,267,guardian,2,기대에 미치지 못했습니다.,2025-11-29
416,1618,269,guardian,2,소통이 어려웠습니다.,2025-05-21
417,1620,269,guardian,2,아쉬운 점이 있었습니다.,2025-08-06
418,1631,270,guardian,3,보통이었습니다.,2025-10-17
419,1634,271,guardian,2,소통이 어려웠습니다.,2025-02-04
420,1635,271,guardian,2,소통이 어려웠습니다.,2025-04-16
421,1642,272,guardian,2,소통이 어려웠습니다.,2025-08-16
422,1646,273,guardian,2,아쉬운 점이 있었습니다.,2025-05-22
423,1648,273,guardian,3,무난했습니다.,2025-05-21
424,1649,273,guardian,3,보통이었습니다.,2026-03-10
425,1650,273,guardian,2,기대에 미치지 못했습니다.,2025-10-16
426,1656,274,guardian,2,소통이 어려웠습니다.,2025-12-30
427,1657,274,guardian,4,좋은 서비스였습니다.,2025-11-25
428,1666,276,guardian,2,기대에 미치지 못했습니다.,2025-11-15
429,1670,276,guardian,2,소통이 어려웠습니다.,2025-11-04
430,1672,277,guardian,2,아쉬운 점이 있었습니다.,2025-12-31
431,1673,277,guardian,3,개선이 필요한 부분이 있습니다.,2025-06-26
432,1674,277,guardian,2,기대에 미치지 못했습니다.,2025-07-14
433,1675,277,guardian,2,아쉬운 점이 있었습니다.,2025-12-27
434,1683,279,guardian,3,보통이었습니다.,2025-11-03
435,1684,279,guardian,3,개선이 필요한 부분이 있습니다.,2025-02-01
436,1686,279,guardian,1,다른 간병인을 추천받고 싶습니다.,2025-04-21
437,1690,280,guardian,2,소통이 어려웠습니다.,2025-09-14
438,1710,283,guardian,3,무난했습니다.,2025-02-24
439,1713,284,guardian,2,소통이 어려웠습니다.,2025-10-07
440,1729,286,guardian,2,기대에 미치지 못했습니다.,2026-01-04
441,1736,287,guardian,4,성실하게 케어해 주셨습니다.,2025-11-17
442,1741,288,guardian,2,소통이 어려웠습니다.,2025-07-25
443,1742,288,guardian,1,개선이 많이 필요합니다.,2025-07-14
444,1743,288,guardian,2,소통이 어려웠습니다.,2025-07-28
445,1749,289,guardian,3,무난했습니다.,2025-12-03
446,1756,291,guardian,2,기대에 미치지 못했습니다.,2025-08-02
447,1762,292,guardian,2,아쉬운 점이 있었습니다.,2025-06-08
448,1767,293,guardian,3,개선이 필요한 부분이 있습니다.,2025-05-28
449,1772,294,guardian,2,아쉬운 점이 있었습니다.,2025-04-29
450,1773,294,guardian,2,아쉬운 점이 있었습니다.,2025-07-11
451,1775,294,guardian,2,아쉬운 점이 있었습니다.,2026-03-11
452,1780,295,guardian,3,개선이 필요한 부분이 있습니다.,2025-10-04
453,1782,295,guardian,2,아쉬운 점이 있었습니다.,2025-05-11
454,1786,296,guardian,2,기대에 미치지 못했습니다.,2025-07-08
455,1792,297,guardian,3,무난했습니다.,2025-08-12
456,1797,298,guardian,2,소통이 어려웠습니다.,2025-07-14
457,1802,299,guardian,2,소통이 어려웠습니다.,2025-06-23
458,1806,300,guardian,2,아쉬운 점이 있었습니다.,2025-05-19
459,1811,300,guardian,3,보통이었습니다.,2025-06-06
460,1812,300,guardian,3,무난했습니다.,2025-06-04
461,1818,301,guardian,3,무난했습니다.,2025-02-15
462,1819,301,guardian,3,보통이었습니다.,2025-10-12
463,1823,302,guardian,3,개선이 필요한 부분이 있습니다.,2025-06-27
464,1824,302,guardian,2,기대에 미치지 못했습니다.,2025-03-14
465,1829,303,guardian,3,개선이 필요한 부분이 있습니다.,2025-10-02
466,1834,304,guardian,3,무난했습니다.,2025-08-07
467,1835,304,guardian,3,개선이 필요한 부분이 있습니다.,2026-01-10
468,1845,305,guardian,3,개선이 필요한 부분이 있습니다.,2025-10-26
469,1849,306,guardian,3,무난했습니다.,2025-01-23
470,1850,306,guardian,3,보통이었습니다.,2025-11-12
471,1852,306,guardian,1,개선이 많이 필요합니다.,2026-03-25
472,1853,307,guardian,2,아쉬운 점이 있었습니다.,2026-01-27
473,1854,307,guardian,2,기대에 미치지 못했습니다.,2025-05-20
474,1855,307,guardian,2,소통이 어려웠습니다.,2025-12-11
475,1857,308,guardian,3,개선이 필요한 부분이 있습니다.,2025-10-05
476,1859,308,guardian,3,개선이 필요한 부분이 있습니다.,2025-12-28
477,1860,308,guardian,2,아쉬운 점이 있었습니다.,2025-10-10
478,1861,308,guardian,2,소통이 어려웠습니다.,2025-07-19
479,1862,309,guardian,3,보통이었습니다.,2026-01-25
480,1870,310,guardian,3,개선이 필요한 부분이 있습니다.,2025-06-03
481,1871,310,guardian,2,기대에 미치지 못했습니다.,2025-03-03
482,1874,310,guardian,1,개선이 많이 필요합니다.,2026-02-06
483,1875,310,guardian,4,좋은 서비스였습니다.,2025-09-13
484,1880,311,guardian,4,좋은 서비스였습니다.,2025-06-30
485,1882,311,guardian,2,기대에 미치지 못했습니다.,2025-12-24
486,1883,312,guardian,3,무난했습니다.,2026-01-18
487,1884,312,guardian,2,아쉬운 점이 있었습니다.,2025-07-16
488,1889,313,guardian,3,무난했습니다.,2025-06-16
489,1893,313,guardian,3,보통이었습니다.,2025-05-03
490,1896,314,guardian,2,아쉬운 점이 있었습니다.,2025-08-07
491,1900,315,guardian,2,기대에 미치지 못했습니다.,2025-12-22
492,1903,315,guardian,4,성실하게 케어해 주셨습니다.,2025-08-12
493,1905,315,guardian,1,불만족스러웠습니다.,2026-02-10
494,1912,317,guardian,3,개선이 필요한 부분이 있습니다.,2025-01-14
495,1916,318,guardian,3,개선이 필요한 부분이 있습니다.,2025-03-18
496,1917,318,guardian,2,기대에 미치지 못했습니다.,2025-07-17
497,1925,319,guardian,2,소통이 어려웠습니다.,2025-10-07
498,1936,321,guardian,3,개선이 필요한 부분이 있습니다.,2025-10-07
499,1938,322,guardian,1,불만족스러웠습니다.,2025-10-12
500,1943,323,guardian,2,아쉬운 점이 있었습니다.,2026-01-04
501,1944,323,guardian,1,불만족스러웠습니다.,2025-03-09
502,1945,323,guardian,2,소통이 어려웠습니다.,2025-08-07
503,1954,325,guardian,2,소통이 어려웠습니다.,2025-10-25
504,1960,325,guardian,1,다른 간병인을 추천받고 싶습니다.,2025-06-07
505,1963,326,guardian,1,불만족스러웠습니다.,2025-11-07
506,1972,327,guardian,3,무난했습니다.,2025-12-11
507,1976,328,guardian,2,아쉬운 점이 있었습니다.,2025-03-09
508,1979,328,guardian,2,기대에 미치지 못했습니다.,2025-05-12
509,1980,328,guardian,3,무난했습니다.,2025-12-03
510,1982,329,guardian,2,아쉬운 점이 있었습니다.,2025-06-26
511,1987,329,guardian,2,소통이 어려웠습니다.,2025-04-23
512,1990,330,guardian,2,기대에 미치지 못했습니다.,2025-11-01
513,1991,330,guardian,3,개선이 필요한 부분이 있습니다.,2025-11-19
514,1995,331,guardian,2,아쉬운 점이 있었습니다.,2025-12-24
515,1996,331,guardian,2,아쉬운 점이 있었습니다.,2025-06-24
516,2006,332,guardian,3,무난했습니다.,2025-04-11
517,2008,333,guardian,4,성실하게 케어해 주셨습니다.,2025-12-11
518,2018,334,guardian,2,기대에 미치지 못했습니다.,2025-01-29
519,2020,334,guardian,2,기대에 미치지 못했습니다.,2025-10-18
520,2023,335,guardian,3,개선이 필요한 부분이 있습니다.,2026-02-19
521,2027,336,guardian,3,보통이었습니다.,2025-06-22
522,2041,338,guardian,3,개선이 필요한 부분이 있습니다.,2025-08-15
523,2045,339,guardian,3,개선이 필요한 부분이 있습니다.,2025-07-11
524,2046,339,guardian,3,무난했습니다.,2025-12-30
525,2048,339,guardian,3,보통이었습니다.,2025-05-27
526,2049,339,guardian,4,전반적으로 만족합니다.,2025-12-11
527,2055,340,guardian,3,개선이 필요한 부분이 있습니다.,2025-04-15
528,2056,340,guardian,3,개선이 필요한 부분이 있습니다.,2025-07-02
529,2059,341,guardian,3,보통이었습니다.,2025-06-20
530,2063,341,guardian,3,개선이 필요한 부분이 있습니다.,2025-07-02
531,2066,342,guardian,2,아쉬운 점이 있었습니다.,2025-10-17
532,2071,343,guardian,2,아쉬운 점이 있었습니다.,2025-05-15
533,2072,343,guardian,4,성실하게 케어해 주셨습니다.,2025-12-20
534,2074,343,guardian,2,소통이 어려웠습니다.,2025-12-09
535,2075,344,guardian,3,개선이 필요한 부분이 있습니다.,2025-11-09
536,2076,344,guardian,2,기대에 미치지 못했습니다.,2025-09-04
537,2080,344,guardian,2,기대에 미치지 못했습니다.,2025-10-16
538,2084,345,guardian,3,보통이었습니다.,2025-02-08
539,2088,346,guardian,3,보통이었습니다.,2025-02-12
540,2089,346,guardian,3,무난했습니다.,2025-05-13
541,2091,346,guardian,4,좋은 서비스였습니다.,2025-08-19
542,2096,348,guardian,3,무난했습니다.,2025-06-22
543,2098,348,guardian,3,개선이 필요한 부분이 있습니다.,2026-01-26
544,2099,348,guardian,3,개선이 필요한 부분이 있습니다.,2025-02-07
545,2101,349,guardian,3,개선이 필요한 부분이 있습니다.,2025-03-22
546,2105,349,guardian,2,소통이 어려웠습니다.,2025-11-09
547,2107,349,guardian,5,다음에도 꼭 부탁드리고 싶습니다.,2025-04-29
548,2114,350,guardian,3,보통이었습니다.,2025-03-17
549,2115,351,guardian,3,개선이 필요한 부분이 있습니다.,2025-04-15
550,2120,351,guardian,3,무난했습니다.,2025-08-24
551,2121,352,guardian,3,보통이었습니다.,2025-04-16
552,2126,352,guardian,2,기대에 미치지 못했습니다.,2025-10-08
553,2129,353,guardian,3,개선이 필요한 부분이 있습니다.,2025-08-19
554,2135,354,guardian,4,전반적으로 만족합니다.,2025-08-21
555,2136,354,guardian,2,기대에 미치지 못했습니다.,2025-12-18
556,2138,354,guardian,3,보통이었습니다.,2026-02-06
557,2140,355,guardian,3,무난했습니다.,2026-02-08
558,2141,355,guardian,1,개선이 많이 필요합니다.,2025-12-22
559,2143,355,guardian,2,아쉬운 점이 있었습니다.,2025-06-09
560,2146,356,guardian,2,아쉬운 점이 있었습니다.,2025-04-13
561,2150,356,guardian,3,보통이었습니다.,2025-09-12
562,2153,357,guardian,2,아쉬운 점이 있었습니다.,2025-05-28
563,2154,357,guardian,2,소통이 어려웠습니다.,2025-07-08
564,2160,358,guardian,2,소통이 어려웠습니다.,2025-04-30
565,2161,358,guardian,3,개선이 필요한 부분이 있습니다.,2025-09-24
566,2164,359,guardian,3,무난했습니다.,2025-10-12
567,2169,360,guardian,2,기대에 미치지 못했습니다.,2025-08-18
568,2171,360,guardian,3,무난했습니다.,2025-11-08
569,2174,361,guardian,2,아쉬운 점이 있었습니다.,2025-06-27
570,2176,361,guardian,2,아쉬운 점이 있었습니다.,2025-07-20
571,2187,363,guardian,3,무난했습니다.,2026-01-19
572,2188,363,guardian,3,무난했습니다.,2026-01-06
573,2189,363,guardian,1,개선이 많이 필요합니다.,2025-09-07
574,2192,363,guardian,3,보통이었습니다.,2025-04-30
575,2193,363,guardian,3,보통이었습니다.,2026-02-17
576,2198,364,guardian,3,보통이었습니다.,2026-03-07
577,2205,365,guardian,2,아쉬운 점이 있었습니다.,2025-08-04
578,2206,365,guardian,2,소통이 어려웠습니다.,2026-01-23
579,2208,366,guardian,2,소통이 어려웠습니다.,2025-06-19
580,2210,366,guardian,3,개선이 필요한 부분이 있습니다.,2025-06-25
581,2211,366,guardian,3,보통이었습니다.,2025-06-14
582,2212,366,guardian,1,다른 간병인을 추천받고 싶습니다.,2025-03-19
583,2215,367,guardian,2,소통이 어려웠습니다.,2025-04-27
584,2217,367,guardian,4,좋은 서비스였습니다.,2025-12-17
585,2219,368,guardian,2,기대에 미치지 못했습니다.,2025-09-27
586,2221,368,guardian,2,기대에 미치지 못했습니다.,2025-03-07
587,2231,370,guardian,2,아쉬운 점이 있었습니다.,2025-10-23
588,2234,371,guardian,2,소통이 어려웠습니다.,2025-05-08
589,2235,371,guardian,3,보통이었습니다.,2025-12-30
590,2237,371,guardian,4,전반적으로 만족합니다.,2025-05-13
591,2241,371,guardian,2,아쉬운 점이 있었습니다.,2025-07-13
592,2245,372,guardian,3,무난했습니다.,2025-09-30
593,2248,373,guardian,1,불만족스러웠습니다.,2026-03-20
594,2249,373,guardian,4,전반적으로 만족합니다.,2025-08-11
595,2254,373,guardian,2,기대에 미치지 못했습니다.,2025-04-03
596,2255,374,guardian,3,개선이 필요한 부분이 있습니다.,2025-07-24
597,2261,375,guardian,3,보통이었습니다.,2025-10-16
598,2263,375,guardian,3,보통이었습니다.,2025-06-27
599,2266,375,guardian,2,기대에 미치지 못했습니다.,2025-12-16
600,2268,376,guardian,4,성실하게 케어해 주셨습니다.,2025-01-27
601,2274,377,guardian,2,소통이 어려웠습니다.,2025-06-04
602,2277,377,guardian,2,소통이 어려웠습니다.,2026-02-03
603,2279,377,guardian,2,아쉬운 점이 있었습니다.,2025-10-26
604,2301,380,guardian,3,보통이었습니다.,2025-06-05
605,2312,383,guardian,2,소통이 어려웠습니다.,2026-01-06
606,2314,383,guardian,3,개선이 필요한 부분이 있습니다.,2025-12-11
607,2322,385,guardian,1,불만족스러웠습니다.,2025-06-16
608,2325,385,guardian,1,개선이 많이 필요합니다.,2025-01-13
609,2327,385,guardian,2,소통이 어려웠습니다.,2025-07-12
610,2334,386,guardian,4,전반적으로 만족합니다.,2025-04-24
611,2341,388,guardian,3,개선이 필요한 부분이 있습니다.,2025-12-03
612,2345,388,guardian,3,개선이 필요한 부분이 있습니다.,2025-06-11
613,2351,389,guardian,3,무난했습니다.,2025-01-16
614,2354,390,guardian,2,소통이 어려웠습니다.,2025-09-29
615,2355,390,guardian,2,소통이 어려웠습니다.,2025-09-23
616,2357,390,guardian,3,개선이 필요한 부분이 있습니다.,2025-05-17
617,2370,393,guardian,2,아쉬운 점이 있었습니다.,2025-05-18
618,2371,393,guardian,4,좋은 서비스였습니다.,2025-03-13
619,2372,393,guardian,3,개선이 필요한 부분이 있습니다.,2025-06-21
620,2375,394,guardian,3,보통이었습니다.,2025-02-28
621,2378,394,guardian,2,기대에 미치지 못했습니다.,2026-01-16
622,2380,395,guardian,3,개선이 필요한 부분이 있습니다.,2025-08-29
623,2381,395,guardian,2,아쉬운 점이 있었습니다.,2025-12-24
624,2382,395,guardian,2,소통이 어려웠습니다.,2025-07-24
625,2389,397,guardian,3,무난했습니다.,2025-05-02
626,2395,398,guardian,2,소통이 어려웠습니다.,2025-05-27
627,2423,403,guardian,2,기대에 미치지 못했습니다.,2026-01-18
628,2430,404,guardian,2,소통이 어려웠습니다.,2025-07-08
629,2432,404,guardian,2,기대에 미치지 못했습니다.,2025-06-05
630,2443,406,guardian,2,소통이 어려웠습니다.,2026-02-14
631,2444,406,guardian,2,아쉬운 점이 있었습니다.,2025-03-01
632,2462,409,guardian,2,기대에 미치지 못했습니다.,2025-10-13
633,2465,409,guardian,3,보통이었습니다.,2025-07-29
634,2474,411,guardian,1,불만족스러웠습니다.,2025-09-02
635,2476,411,guardian,3,개선이 필요한 부분이 있습니다.,2025-07-29
636,2478,411,guardian,2,소통이 어려웠습니다.,2026-01-17
637,2480,412,guardian,4,좋은 서비스였습니다.,2025-03-03
638,2482,412,guardian,2,소통이 어려웠습니다.,2026-03-14
639,2483,412,guardian,3,개선이 필요한 부분이 있습니다.,2025-03-12
640,2488,413,guardian,2,기대에 미치지 못했습니다.,2025-06-25
641,2493,413,guardian,2,아쉬운 점이 있었습니다.,2025-08-12
642,2498,414,guardian,2,소통이 어려웠습니다.,2025-07-06
643,2501,415,guardian,2,기대에 미치지 못했습니다.,2025-04-27
644,2502,415,guardian,2,기대에 미치지 못했습니다.,2025-11-08
645,2503,415,guardian,3,무난했습니다.,2025-10-10
646,2507,416,guardian,3,무난했습니다.,2025-05-29
647,2509,416,guardian,2,아쉬운 점이 있었습니다.,2025-12-16
648,2510,416,guardian,2,소통이 어려웠습니다.,2025-07-22
649,2512,416,guardian,3,개선이 필요한 부분이 있습니다.,2025-08-23
650,2516,417,guardian,3,보통이었습니다.,2026-03-30
651,2520,417,guardian,2,소통이 어려웠습니다.,2025-10-19
652,2525,419,guardian,2,아쉬운 점이 있었습니다.,2025-08-15
653,2532,420,guardian,1,다른 간병인을 추천받고 싶습니다.,2025-05-08
654,2535,420,guardian,3,개선이 필요한 부분이 있습니다.,2025-07-01
655,2536,421,guardian,2,기대에 미치지 못했습니다.,2025-12-03
656,2537,421,guardian,3,보통이었습니다.,2025-04-27
657,2539,421,guardian,2,아쉬운 점이 있었습니다.,2025-07-02
658,2540,421,guardian,2,소통이 어려웠습니다.,2025-02-20
659,2542,421,guardian,3,개선이 필요한 부분이 있습니다.,2025-12-22
660,2543,422,guardian,3,무난했습니다.,2025-03-30
661,2553,423,guardian,2,소통이 어려웠습니다.,2026-01-09
662,2554,423,guardian,2,소통이 어려웠습니다.,2025-07-27
663,2561,424,guardian,2,아쉬운 점이 있었습니다.,2025-12-07
664,2562,425,guardian,2,소통이 어려웠습니다.,2025-05-11
665,2569,425,guardian,3,보통이었습니다.,2025-05-22
666,2572,426,guardian,3,개선이 필요한 부분이 있습니다.,2025-12-06
667,2582,428,guardian,2,아쉬운 점이 있었습니다.,2025-06-29
668,2586,429,guardian,2,아쉬운 점이 있었습니다.,2025-06-06
669,2588,429,guardian,2,소통이 어려웠습니다.,2025-06-11
670,2590,429,guardian,3,보통이었습니다.,2025-12-03
671,2591,429,guardian,2,아쉬운 점이 있었습니다.,2025-05-27
672,2592,430,guardian,3,보통이었습니다.,2025-01-04
673,2596,431,guardian,2,아쉬운 점이 있었습니다.,2026-02-05
674,2603,432,guardian,2,소통이 어려웠습니다.,2025-05-21
675,2609,433,guardian,1,다른 간병인을 추천받고 싶습니다.,2026-01-22
676,2611,433,guardian,3,개선이 필요한 부분이 있습니다.,2025-02-27
677,2614,434,guardian,2,아쉬운 점이 있었습니다.,2025-11-28
678,2619,435,guardian,1,불만족스러웠습니다.,2025-04-11
679,2621,435,guardian,2,소통이 어려웠습니다.,2025-05-08
680,2622,435,guardian,2,아쉬운 점이 있었습니다.,2025-07-30
681,2631,437,guardian,3,무난했습니다.,2025-11-16
682,2632,437,guardian,4,전반적으로 만족합니다.,2025-08-27
683,2635,437,guardian,3,무난했습니다.,2025-05-09
684,2638,438,guardian,2,아쉬운 점이 있었습니다.,2026-03-22
685,2640,438,guardian,4,성실하게 케어해 주셨습니다.,2025-11-27
686,2643,438,guardian,3,보통이었습니다.,2025-09-25
687,2644,438,guardian,3,보통이었습니다.,2025-09-11
688,2655,441,guardian,2,아쉬운 점이 있었습니다.,2025-10-30
689,2657,441,guardian,3,개선이 필요한 부분이 있습니다.,2025-10-14
690,2658,441,guardian,3,무난했습니다.,2025-01-19
691,2660,442,guardian,2,아쉬운 점이 있었습니다.,2025-06-26
692,2662,442,guardian,2,기대에 미치지 못했습니다.,2025-07-24
693,2664,442,guardian,3,보통이었습니다.,2025-08-02
694,2669,443,guardian,2,아쉬운 점이 있었습니다.,2026-01-29
695,2673,443,guardian,2,기대에 미치지 못했습니다.,2025-11-08
696,2675,444,guardian,3,무난했습니다.,2025-07-30
697,2680,444,guardian,3,무난했습니다.,2025-11-05
698,2682,444,guardian,3,무난했습니다.,2025-04-25
699,2697,447,guardian,4,좋은 서비스였습니다.,2026-02-16
700,2699,447,guardian,2,기대에 미치지 못했습니다.,2025-06-23
701,2700,447,guardian,3,개선이 필요한 부분이 있습니다.,2025-08-24
702,2705,448,guardian,3,개선이 필요한 부분이 있습니다.,2026-02-26
703,2706,448,guardian,2,기대에 미치지 못했습니다.,2025-02-24
704,2711,449,guardian,2,기대에 미치지 못했습니다.,2026-02-26
705,2717,450,guardian,2,소통이 어려웠습니다.,2025-06-09
706,2719,450,guardian,3,무난했습니다.,2025-05-23
707,2721,450,guardian,3,보통이었습니다.,2025-07-28
708,2722,450,guardian,3,개선이 필요한 부분이 있습니다.,2025-05-07
709,2723,451,guardian,3,개선이 필요한 부분이 있습니다.,2025-07-30
710,2731,452,guardian,2,소통이 어려웠습니다.,2025-10-10
711,2736,452,guardian,2,기대에 미치지 못했습니다.,2025-03-29
712,2746,454,guardian,2,소통이 어려웠습니다.,2025-12-13
713,2749,455,guardian,3,보통이었습니다.,2025-03-20
714,2752,455,guardian,3,개선이 필요한 부분이 있습니다.,2025-10-06
715,2755,455,guardian,3,개선이 필요한 부분이 있습니다.,2025-04-10
716,2758,456,guardian,2,아쉬운 점이 있었습니다.,2025-06-18
717,2759,456,guardian,2,아쉬운 점이 있었습니다.,2025-08-06
718,2773,459,guardian,2,소통이 어려웠습니다.,2025-04-01
719,2782,461,guardian,2,기대에 미치지 못했습니다.,2025-10-19
720,2784,461,guardian,3,무난했습니다.,2025-11-05
721,2785,461,guardian,3,보통이었습니다.,2025-05-22
722,2791,463,guardian,3,보통이었습니다.,2025-10-31
723,2801,464,guardian,2,기대에 미치지 못했습니다.,2025-07-26
724,2803,464,guardian,3,보통이었습니다.,2025-09-29
725,2807,465,guardian,2,기대에 미치지 못했습니다.,2025-10-01
726,2810,465,guardian,2,소통이 어려웠습니다.,2025-08-24
727,2812,466,guardian,3,무난했습니다.,2025-11-12
728,2816,466,guardian,3,개선이 필요한 부분이 있습니다.,2026-02-13
729,2826,468,guardian,2,소통이 어려웠습니다.,2025-10-31
730,2827,468,guardian,3,개선이 필요한 부분이 있습니다.,2025-08-07
731,2839,470,guardian,2,아쉬운 점이 있었습니다.,2026-01-02
732,2842,470,guardian,2,아쉬운 점이 있었습니다.,2026-03-08
733,2847,471,guardian,2,아쉬운 점이 있었습니다.,2025-12-07
734,2861,473,guardian,2,소통이 어려웠습니다.,2025-10-22
735,2868,474,guardian,2,기대에 미치지 못했습니다.,2025-09-22
736,2871,475,guardian,4,좋은 서비스였습니다.,2025-04-09
737,2872,475,guardian,4,성실하게 케어해 주셨습니다.,2025-04-11
738,2873,475,guardian,3,보통이었습니다.,2026-01-16
739,2875,476,guardian,3,무난했습니다.,2025-11-15
740,2882,477,guardian,2,소통이 어려웠습니다.,2026-04-02
741,2889,478,guardian,1,다른 간병인을 추천받고 싶습니다.,2025-07-27
742,2890,478,guardian,3,보통이었습니다.,2025-02-14
743,2892,478,guardian,2,아쉬운 점이 있었습니다.,2025-05-11
744,2893,479,guardian,2,아쉬운 점이 있었습니다.,2026-01-14
745,2894,479,guardian,3,개선이 필요한 부분이 있습니다.,2025-08-07
746,2896,479,guardian,2,아쉬운 점이 있었습니다.,2025-03-27
747,2902,480,guardian,2,아쉬운 점이 있었습니다.,2025-09-03
748,2913,482,guardian,3,보통이었습니다.,2025-06-21
749,2916,483,guardian,3,개선이 필요한 부분이 있습니다.,2025-07-25
750,2917,483,guardian,2,기대에 미치지 못했습니다.,2025-03-29
751,2918,483,guardian,2,기대에 미치지 못했습니다.,2025-07-15
752,2922,483,guardian,3,무난했습니다.,2025-08-12
753,2923,483,guardian,2,소통이 어려웠습니다.,2025-05-27
754,2926,484,guardian,3,보통이었습니다.,2025-04-06
755,2927,484,guardian,2,소통이 어려웠습니다.,2025-09-10
756,2929,485,guardian,1,불만족스러웠습니다.,2025-06-14
757,2935,486,guardian,3,개선이 필요한 부분이 있습니다.,2026-01-10
758,2937,486,guardian,4,좋은 서비스였습니다.,2025-05-23
759,2944,487,guardian,2,기대에 미치지 못했습니다.,2025-06-16
760,2945,487,guardian,2,아쉬운 점이 있었습니다.,2025-07-09
761,2951,488,guardian,2,아쉬운 점이 있었습니다.,2025-02-04
762,2953,489,guardian,1,다른 간병인을 추천받고 싶습니다.,2025-05-06
763,2957,489,guardian,2,기대에 미치지 못했습니다.,2025-10-03
764,2958,489,guardian,3,보통이었습니다.,2025-05-01
765,2960,490,guardian,2,소통이 어려웠습니다.,2026-02-21
766,2965,490,guardian,3,보통이었습니다.,2025-11-29
767,2966,490,guardian,2,아쉬운 점이 있었습니다.,2025-12-19
768,2967,490,guardian,2,기대에 미치지 못했습니다.,2026-02-22
769,2973,492,guardian,3,개선이 필요한 부분이 있습니다.,2025-11-15
770,2974,492,guardian,2,소통이 어려웠습니다.,2025-03-18
771,2977,492,guardian,4,전반적으로 만족합니다.,2025-03-24
772,2979,492,guardian,2,기대에 미치지 못했습니다.,2025-07-11
773,2983,493,guardian,2,기대에 미치지 못했습니다.,2025-11-30
774,2984,493,guardian,3,무난했습니다.,2025-02-28
775,2989,494,guardian,2,기대에 미치지 못했습니다.,2025-08-24
776,2990,494,guardian,2,아쉬운 점이 있었습니다.,2025-07-04
777,2992,495,guardian,2,기대에 미치지 못했습니다.,2025-11-03
778,2996,495,guardian,3,개선이 필요한 부분이 있습니다.,2026-02-11
779,3000,496,guardian,3,보통이었습니다.,2026-01-12
780,3002,497,guardian,2,기대에 미치지 못했습니다.,2025-12-06
781,3006,498,guardian,3,개선이 필요한 부분이 있습니다.,2025-07-25
782,3007,498,guardian,3,무난했습니다.,2025-04-04
783,3009,498,guardian,3,개선이 필요한 부분이 있습니다.,2025-06-05
784,3017,499,guardian,3,무난했습니다.,2025-04-25
785,3020,499,guardian,2,소통이 어려웠습니다.,2026-01-01
